Workbook

Sheet Export
A1: ① PEGA AQUÍ EL EXPORT DE POWER BI (desde fila 3, sin encabezados) — Columna M se calcula sola
A2: Cliente | B2: Sexo | C2: Contrato | D2: Estado | E2: Cosecha (MM-YYYY) | F2: Mes Envío Recuperación | G2: Meses Transcurridos | H2: Estatus Recuperación | I2: Mes Recuperación | J2: Plate | K2: Modelo | L2: Plataforma | M2: ⚙ Meses_Efectivos (auto-calculado)
A3: . RODRIGUEZ VICENTE | B3: Hombre | C3: 2519AF | D3: BAJA CALIFORNIA | E3: 04-2023 | F3: 04-2026 | G3: 36 | H3: Efectivo | I3: 04-2026 | J3: BGH042A | K3: ATTITUDE | L3: UBER | M3: =IF(H3="Efectivo",IFERROR((VALUE(RIGHT(I3,4))-VALUE(RIGHT(E3,4)))*12+(VALUE(LEFT(I3,2))-VALUE(LEFT(E3,2))),""),"")
A4: . RODRIGUEZ VICENTE | B4: Hombre | C4: 6812AF | D4: BAJA CALIFORNIA | E4: 01-2026 | F4: 04-2026 | G4: 2 | H4: Efectivo | I4: 04-2026 | J4: CBY512A | K4: CHEVROLET AVEO | L4: DIDI | M4: =IF(H4="Efectivo",IFERROR((VALUE(RIGHT(I4,4))-VALUE(RIGHT(E4,4)))*12+(VALUE(LEFT(I4,2))-VALUE(LEFT(E4,2))),""),"")
A5: ACEVES OSUNA FRANCISCO XAVIER | B5: Hombre | C5: 4990AF | D5: BAJA CALIFORNIA | E5: 06-2025 | F5: 03-2026 | G5: 9 | H5: Efectivo | I5: 03-2026 | J5: BYG580A | K5: CHEVROLET AVEO | L5: UBER | M5: =IF(H5="Efectivo",IFERROR((VALUE(RIGHT(I5,4))-VALUE(RIGHT(E5,4)))*12+(VALUE(LEFT(I5,2))-VALUE(LEFT(E5,2))),""),"")
A6: ACOSTA CALDERON FERNANDO | B6: Hombre | C6: 3908AF | D6: CDMX Y AREA METROPOLITANA | E6: 10-2024 | F6: 10-2025 | G6: 11 | H6: Efectivo | I6: 11-2025 | J6: C34BPX | K6: TOYOTA AVANZA | L6: UBER | M6: =IF(H6="Efectivo",IFERROR((VALUE(RIGHT(I6,4))-VALUE(RIGHT(E6,4)))*12+(VALUE(LEFT(I6,2))-VALUE(LEFT(E6,2))),""),"")
A7: ACOSTA MARTINEZ MIGUEL ANGEL | B7: Hombre | C7: 5944AF | D7: CDMX Y AREA METROPOLITANA | E7: 10-2025 | F7: 04-2026 | G7: 6 | H7: Pendiente | J7: 51G505 | K7: GAC AION S | L7: UBER | M7: =IF(H7="Efectivo",IFERROR((VALUE(RIGHT(I7,4))-VALUE(RIGHT(E7,4)))*12+(VALUE(LEFT(I7,2))-VALUE(LEFT(E7,2))),""),"")
A8: ADAME SALINAS MICHEL ALBERTO | B8: Hombre | C8: 4523AF | D8: CDMX Y AREA METROPOLITANA | E8: 03-2025 | F8: 11-2025 | G8: 7 | H8: Efectivo | I8: 11-2025 | J8: 39G976 | K8: GAC AION S | L8: UBER | M8: =IF(H8="Efectivo",IFERROR((VALUE(RIGHT(I8,4))-VALUE(RIGHT(E8,4)))*12+(VALUE(LEFT(I8,2))-VALUE(LEFT(E8,2))),""),"")
A9: ADAME TRUJILLO CHRISTIAN ARIEL | B9: Hombre | C9: 4399AF | D9: CDMX Y AREA METROPOLITANA | E9: 02-2025 | F9: 01-2026 | G9: 11 | H9: Efectivo | I9: 02-2026 | J9: 31G452 | K9: GAC AION S | L9: UBER | M9: =IF(H9="Efectivo",IFERROR((VALUE(RIGHT(I9,4))-VALUE(RIGHT(E9,4)))*12+(VALUE(LEFT(I9,2))-VALUE(LEFT(E9,2))),""),"")
A10: AGAMA MEJIA ARTEMIO | B10: Hombre | C10: 5022AF | D10: CDMX Y AREA METROPOLITANA | E10: 06-2025 | F10: 03-2026 | G10: 9 | H10: Efectivo | I10: 03-2026 | J10: D96BRR | K10: CHEVROLET AVEO | L10: UBER | M10: =IF(H10="Efectivo",IFERROR((VALUE(RIGHT(I10,4))-VALUE(RIGHT(E10,4)))*12+(VALUE(LEFT(I10,2))-VALUE(LEFT(E10,2))),""),"")
A11: AGUILAR GONZALEZ MARCO ANTONIO | B11: Hombre | C11: 5011AF | D11: CDMX Y AREA METROPOLITANA | E11: 06-2025 | F11: 03-2026 | G11: 10 | H11: Efectivo | I11: 04-2026 | J11: A84BMP | K11: CHEVROLET AVEO | L11: UBER | M11: =IF(H11="Efectivo",IFERROR((VALUE(RIGHT(I11,4))-VALUE(RIGHT(E11,4)))*12+(VALUE(LEFT(I11,2))-VALUE(LEFT(E11,2))),""),"")
A12: AGUILAR GONZALEZ MIGUEL ANGEL | B12: Hombre | C12: 3889AF | D12: BAJA CALIFORNIA | E12: 10-2024 | F12: 06-2025 | G12: 8 | H12: Efectivo | I12: 07-2025 | J12: BSG377A | K12: CHEVROLET AVEO | L12: UBER | M12: =IF(H12="Efectivo",IFERROR((VALUE(RIGHT(I12,4))-VALUE(RIGHT(E12,4)))*12+(VALUE(LEFT(I12,2))-VALUE(LEFT(E12,2))),""),"")
A13: AGUILAR LOPEZ ALFONSO | B13: Hombre | C13: 4270AF | D13: CDMX Y AREA METROPOLITANA | E13: 01-2025 | F13: 02-2026 | G13: 12 | H13: Pendiente | J13: 31G972 | K13: GAC AION S | L13: UBER | M13: =IF(H13="Efectivo",IFERROR((VALUE(RIGHT(I13,4))-VALUE(RIGHT(E13,4)))*12+(VALUE(LEFT(I13,2))-VALUE(LEFT(E13,2))),""),"")
A14: AGUILAR REZA DIEGO ABRAHAM | B14: Hombre | C14: 6245AF | D14: CDMX Y AREA METROPOLITANA | E14: 11-2025 | F14: 04-2026 | G14: 5 | H14: Efectivo | I14: 05-2026 | J14: 62G480 | K14: BYD E5 | L14: UBER | M14: =IF(H14="Efectivo",IFERROR((VALUE(RIGHT(I14,4))-VALUE(RIGHT(E14,4)))*12+(VALUE(LEFT(I14,2))-VALUE(LEFT(E14,2))),""),"")
A15: AGUILAR TREJO ADAN | B15: Hombre | C15: 5909AF | D15: BAJA CALIFORNIA | E15: 10-2025 | F15: 04-2026 | G15: 6 | H15: Efectivo | I15: 04-2026 | J15: CAJ035A | K15: CHEVROLET AVEO | L15: DIDI | M15: =IF(H15="Efectivo",IFERROR((VALUE(RIGHT(I15,4))-VALUE(RIGHT(E15,4)))*12+(VALUE(LEFT(I15,2))-VALUE(LEFT(E15,2))),""),"")
A16: AGUILAR VERA OSCAR MAURICIO | B16: Hombre | C16: 4247AF | D16: JALISCO | E16: 01-2025 | F16: 11-2025 | G16: 9 | H16: Efectivo | I16: 03-2026 | J16: HWS688A | K16: CHEVROLET AVEO | L16: UBER | M16: =IF(H16="Efectivo",IFERROR((VALUE(RIGHT(I16,4))-VALUE(RIGHT(E16,4)))*12+(VALUE(LEFT(I16,2))-VALUE(LEFT(E16,2))),""),"")
A17: AGUIRRE AVALOS CARLOS ALBERTO | B17: Hombre | C17: 4078AF | D17: JALISCO | E17: 12-2024 | F17: 01-2026 | G17: 13 | H17: Efectivo | I17: 01-2026 | J17: HWS689A | K17: CHEVROLET AVEO | L17: UBER | M17: =IF(H17="Efectivo",IFERROR((VALUE(RIGHT(I17,4))-VALUE(RIGHT(E17,4)))*12+(VALUE(LEFT(I17,2))-VALUE(LEFT(E17,2))),""),"")
A18: AGUIRRE VELAZQUEZ MARIA ANTONIETA | B18: Mujer | C18: 6862AF | D18: CDMX Y AREA METROPOLITANA | E18: 01-2026 | F18: 02-2026 | G18: 1 | H18: Efectivo | I18: 02-2026 | J18: 29G385 | K18: GAC AION S | L18: UBER | M18: =IF(H18="Efectivo",IFERROR((VALUE(RIGHT(I18,4))-VALUE(RIGHT(E18,4)))*12+(VALUE(LEFT(I18,2))-VALUE(LEFT(E18,2))),""),"")
A19: AGUIRRE ZAZUETA XIUMARA SERAIN | B19: Mujer | C19: 5875AF | D19: NUEVO LEON | E19: 10-2025 | F19: 02-2026 | G19: 4 | H19: Efectivo | I19: 02-2026 | J19: RXW058C | K19: CHEVROLET AVEO | L19: DIDI | M19: =IF(H19="Efectivo",IFERROR((VALUE(RIGHT(I19,4))-VALUE(RIGHT(E19,4)))*12+(VALUE(LEFT(I19,2))-VALUE(LEFT(E19,2))),""),"")
A20: ALAMILLO CONTRERAS DANIEL | B20: Hombre | C20: 4082AF | D20: NUEVO LEON | E20: 12-2024 | F20: 04-2026 | G20: 16 | H20: Efectivo | I20: 04-2026 | J20: TFP758B | K20: CHEVROLET AVEO | L20: UBER | M20: =IF(H20="Efectivo",IFERROR((VALUE(RIGHT(I20,4))-VALUE(RIGHT(E20,4)))*12+(VALUE(LEFT(I20,2))-VALUE(LEFT(E20,2))),""),"")
A21: ALANIS ARELLANO LUIS GERARDO | B21: Hombre | C21: 5589AF | D21: NUEVO LEON | E21: 08-2025 | F21: 04-2026 | G21: 7 | H21: Efectivo | I21: 04-2026 | J21: RWL277C | K21: TOYOTA AVANZA | L21: DIDI | M21: =IF(H21="Efectivo",IFERROR((VALUE(RIGHT(I21,4))-VALUE(RIGHT(E21,4)))*12+(VALUE(LEFT(I21,2))-VALUE(LEFT(E21,2))),""),"")
A22: ALANIS SANTILLAN VICTOR MANUEL | B22: Hombre | C22: 4282AF | D22: CDMX Y AREA METROPOLITANA | E22: 02-2025 | F22: 04-2026 | G22: 14 | H22: Efectivo | I22: 04-2026 | J22: R25BRD | K22: CHEVROLET AVEO | L22: UBER | M22: =IF(H22="Efectivo",IFERROR((VALUE(RIGHT(I22,4))-VALUE(RIGHT(E22,4)))*12+(VALUE(LEFT(I22,2))-VALUE(LEFT(E22,2))),""),"")
A23: ALARCON MARTINEZ ABRAHAM DANIEL | B23: Hombre | C23: 4771AF | D23: CDMX Y AREA METROPOLITANA | E23: 05-2025 | F23: 01-2026 | G23: 9 | H23: Efectivo | I23: 02-2026 | J23: E68BRR | K23: CHEVROLET AVEO | L23: DIDI | M23: =IF(H23="Efectivo",IFERROR((VALUE(RIGHT(I23,4))-VALUE(RIGHT(E23,4)))*12+(VALUE(LEFT(I23,2))-VALUE(LEFT(E23,2))),""),"")
A24: ALATORRE MARQUEZ JORGE ALEJANDRO | B24: Hombre | C24: 2944AF | D24: JALISCO | E24: 01-2024 | F24: 03-2026 | G24: 26 | H24: Cancelado | J24: HSJ725A | K24: CHEVROLET AVEO | L24: UBER | M24: =IF(H24="Efectivo",IFERROR((VALUE(RIGHT(I24,4))-VALUE(RIGHT(E24,4)))*12+(VALUE(LEFT(I24,2))-VALUE(LEFT(E24,2))),""),"")
A25: ALBA PARAMO NOE | B25: Hombre | C25: 5625AF | D25: CDMX Y AREA METROPOLITANA | E25: 08-2025 | F25: 12-2025 | G25: 3 | H25: Pendiente | J25: 48G241 | K25: BYD MINIDOLPHIN | L25: DIDI | M25: =IF(H25="Efectivo",IFERROR((VALUE(RIGHT(I25,4))-VALUE(RIGHT(E25,4)))*12+(VALUE(LEFT(I25,2))-VALUE(LEFT(E25,2))),""),"")
A26: ALCALA NOVEROLA MARIO JONATHAN | B26: Hombre | C26: 5784AF | D26: CDMX Y AREA METROPOLITANA | E26: 09-2025 | F26: 02-2026 | G26: 4 | H26: Efectivo | I26: 02-2026 | J26: 10K823 | K26: BYD MINIDOLPHIN | L26: UBER | M26: =IF(H26="Efectivo",IFERROR((VALUE(RIGHT(I26,4))-VALUE(RIGHT(E26,4)))*12+(VALUE(LEFT(I26,2))-VALUE(LEFT(E26,2))),""),"")
A27: ALCANTAR SILVA ARMANDO | B27: Hombre | C27: 2745AF | D27: BAJA CALIFORNIA | E27: 09-2023 | F27: 06-2025 | G27: 21 | H27: Efectivo | I27: 06-2025 | J27: BJX359A | K27: CHEVROLET AVEO | L27: UBER | M27: =IF(H27="Efectivo",IFERROR((VALUE(RIGHT(I27,4))-VALUE(RIGHT(E27,4)))*12+(VALUE(LEFT(I27,2))-VALUE(LEFT(E27,2))),""),"")
A28: ALCANTARA SANCHEZ ENRIQUE ABRAHAM | B28: Hombre | C28: 5800AF | D28: CDMX Y AREA METROPOLITANA | E28: 09-2025 | F28: 05-2026 | G28: 7 | H28: Efectivo | I28: 05-2026 | J28: 10K840 | K28: BYD MINIDOLPHIN | L28: UBER | M28: =IF(H28="Efectivo",IFERROR((VALUE(RIGHT(I28,4))-VALUE(RIGHT(E28,4)))*12+(VALUE(LEFT(I28,2))-VALUE(LEFT(E28,2))),""),"")
A29: ALCANTARA SEGURA JUAN | B29: Hombre | C29: 4370AF | D29: CDMX Y AREA METROPOLITANA | E29: 02-2025 | F29: 06-2025 | G29: 3 | H29: Efectivo | I29: 06-2025 | J29: 19G586 | K29: BYD D1 | L29: UBER | M29: =IF(H29="Efectivo",IFERROR((VALUE(RIGHT(I29,4))-VALUE(RIGHT(E29,4)))*12+(VALUE(LEFT(I29,2))-VALUE(LEFT(E29,2))),""),"")
A30: ALCIBAR PEÑA DANIEL | B30: Hombre | C30: 4368AF | D30: CDMX Y AREA METROPOLITANA | E30: 02-2025 | F30: 04-2025 | G30: 2 | H30: Efectivo | I30: 05-2025 | J30: 31G788 | K30: GAC AION S | L30: DIDI | M30: =IF(H30="Efectivo",IFERROR((VALUE(RIGHT(I30,4))-VALUE(RIGHT(E30,4)))*12+(VALUE(LEFT(I30,2))-VALUE(LEFT(E30,2))),""),"")
A31: ALDANA RUIZ ISRAEL | B31: Hombre | C31: 5409AF | D31: CDMX Y AREA METROPOLITANA | E31: 07-2025 | F31: 03-2026 | G31: 8 | H31: Efectivo | I31: 03-2026 | J31: 48G145 | K31: BYD MINIDOLPHIN | L31: DIDI | M31: =IF(H31="Efectivo",IFERROR((VALUE(RIGHT(I31,4))-VALUE(RIGHT(E31,4)))*12+(VALUE(LEFT(I31,2))-VALUE(LEFT(E31,2))),""),"")
A32: ALDAPE BARCENAS ILSE ABIGAIL | B32: Mujer | C32: 5889AF | D32: NUEVO LEON | E32: 10-2025 | F32: 03-2026 | G32: 6 | H32: Pendiente | J32: RXC615C | K32: TOYOTA AVANZA | L32: UBER | M32: =IF(H32="Efectivo",IFERROR((VALUE(RIGHT(I32,4))-VALUE(RIGHT(E32,4)))*12+(VALUE(LEFT(I32,2))-VALUE(LEFT(E32,2))),""),"")
A33: ALEJANDRE GABRIEL DIEGO | B33: Hombre | C33: 6382AF | D33: NUEVO LEON | E33: 11-2025 | F33: 04-2026 | G33: 4 | H33: Pendiente | J33: RZB056C | K33: CHEVROLET AVEO | L33: DIDI | M33: =IF(H33="Efectivo",IFERROR((VALUE(RIGHT(I33,4))-VALUE(RIGHT(E33,4)))*12+(VALUE(LEFT(I33,2))-VALUE(LEFT(E33,2))),""),"")
A34: ALEMAN CONTRERAS MANUEL ALEJANDRO | B34: Hombre | C34: 6440AF | D34: CDMX Y AREA METROPOLITANA | E34: 12-2025 | F34: 02-2026 | G34: 2 | H34: Pendiente | J34: 51G818 | K34: BYD MINIDOLPHIN | L34: UBER | M34: =IF(H34="Efectivo",IFERROR((VALUE(RIGHT(I34,4))-VALUE(RIGHT(E34,4)))*12+(VALUE(LEFT(I34,2))-VALUE(LEFT(E34,2))),""),"")
A35: ALFARO MARTINEZ LUIS ENRIQUE | B35: Hombre | C35: 3767AF | D35: CDMX Y AREA METROPOLITANA | E35: 09-2024 | F35: 04-2025 | G35: 6 | H35: Efectivo | I35: 04-2025 | J35: 05G231 | K35: BYD D1 | L35: UBER | M35: =IF(H35="Efectivo",IFERROR((VALUE(RIGHT(I35,4))-VALUE(RIGHT(E35,4)))*12+(VALUE(LEFT(I35,2))-VALUE(LEFT(E35,2))),""),"")
A36: ALMANZA VITE OCTAVIO DAMIAN | B36: Hombre | C36: 4506AF | D36: CDMX Y AREA METROPOLITANA | E36: 03-2025 | F36: 06-2025 | G36: 2 | H36: Efectivo | I36: 06-2025 | J36: Y47BNL | K36: CHEVROLET AVEO | L36: UBER | M36: =IF(H36="Efectivo",IFERROR((VALUE(RIGHT(I36,4))-VALUE(RIGHT(E36,4)))*12+(VALUE(LEFT(I36,2))-VALUE(LEFT(E36,2))),""),"")
A37: ALONSO ALONSO ROSA CARMEN | B37: Mujer | C37: 4904AF | D37: NUEVO LEON | E37: 05-2025 | F37: 07-2025 | G37: 2 | H37: Efectivo | I37: 08-2025 | J37: RUB750C | K37: TOYOTA AVANZA | L37: DIDI | M37: =IF(H37="Efectivo",IFERROR((VALUE(RIGHT(I37,4))-VALUE(RIGHT(E37,4)))*12+(VALUE(LEFT(I37,2))-VALUE(LEFT(E37,2))),""),"")
A38: ALONSO DEL ANGEL ALEJANDRO | B38: Hombre | C38: 4167AF | D38: CDMX Y AREA METROPOLITANA | E38: 12-2024 | F38: 03-2026 | G38: 15 | H38: Efectivo | I38: 04-2026 | J38: 19G518 | K38: BYD D1 | L38: UBER | M38: =IF(H38="Efectivo",IFERROR((VALUE(RIGHT(I38,4))-VALUE(RIGHT(E38,4)))*12+(VALUE(LEFT(I38,2))-VALUE(LEFT(E38,2))),""),"")
A39: ALONSO GUERRA LUIS ALONSO | B39: Hombre | C39: 5550AF | D39: NUEVO LEON | E39: 08-2025 | F39: 02-2026 | G39: 6 | H39: Cancelado | J39: RVX593C | K39: CHEVROLET AVEO | L39: UBER | M39: =IF(H39="Efectivo",IFERROR((VALUE(RIGHT(I39,4))-VALUE(RIGHT(E39,4)))*12+(VALUE(LEFT(I39,2))-VALUE(LEFT(E39,2))),""),"")
A40: ALONSO ROJAS LUIS ENRIQUE | B40: Hombre | C40: 3032AF | D40: CDMX Y AREA METROPOLITANA | E40: 02-2024 | F40: 08-2025 | G40: 18 | H40: Cancelado | J40: T14BNL | K40: CHEVROLET AVEO | L40: UBER | M40: =IF(H40="Efectivo",IFERROR((VALUE(RIGHT(I40,4))-VALUE(RIGHT(E40,4)))*12+(VALUE(LEFT(I40,2))-VALUE(LEFT(E40,2))),""),"")
A41: ALTAMIRANO FLORES ANGEL EDUARDO | B41: Hombre | C41: 5058AF | D41: CDMX Y AREA METROPOLITANA | E41: 06-2025 | F41: 11-2025 | G41: 5 | H41: Pendiente | J41: B87BPD | K41: CHEVROLET AVEO | L41: DIDI | M41: =IF(H41="Efectivo",IFERROR((VALUE(RIGHT(I41,4))-VALUE(RIGHT(E41,4)))*12+(VALUE(LEFT(I41,2))-VALUE(LEFT(E41,2))),""),"")
A42: ALVA RAMIREZ GABRIEL ALEJANDRO | B42: Hombre | C42: 6507AF | D42: JALISCO | E42: 12-2025 | F42: 03-2026 | G42: 2 | H42: Efectivo | I42: 03-2026 | J42: KDM116A | K42: TOYOTA AVANZA | L42: UBER | M42: =IF(H42="Efectivo",IFERROR((VALUE(RIGHT(I42,4))-VALUE(RIGHT(E42,4)))*12+(VALUE(LEFT(I42,2))-VALUE(LEFT(E42,2))),""),"")
A43: ALVARADO CERVANTES JONATHAN JACOB | B43: Hombre | C43: 4571AF | D43: BAJA CALIFORNIA | E43: 04-2025 | F43: 09-2025 | G43: 5 | H43: Efectivo | I43: 10-2025 | J43: BWX672A | K43: CHEVROLET AVEO | L43: UBER | M43: =IF(H43="Efectivo",IFERROR((VALUE(RIGHT(I43,4))-VALUE(RIGHT(E43,4)))*12+(VALUE(LEFT(I43,2))-VALUE(LEFT(E43,2))),""),"")
A44: ALVARADO DE LA ROCHA CARLOS ALBERTO | B44: Hombre | C44: 3962AF | D44: CDMX Y AREA METROPOLITANA | E44: 11-2024 | F44: 12-2025 | G44: 13 | H44: Efectivo | I44: 01-2026 | J44: 13G727 | K44: BYD D1 | L44: UBER | M44: =IF(H44="Efectivo",IFERROR((VALUE(RIGHT(I44,4))-VALUE(RIGHT(E44,4)))*12+(VALUE(LEFT(I44,2))-VALUE(LEFT(E44,2))),""),"")
A45: ALVARADO DIAZ ADRIAN | B45: Hombre | C45: 4125AF | D45: CDMX Y AREA METROPOLITANA | E45: 12-2024 | F45: 07-2025 | G45: 7 | H45: Efectivo | I45: 08-2025 | J45: 19G588 | K45: BYD D1 | L45: UBER | M45: =IF(H45="Efectivo",IFERROR((VALUE(RIGHT(I45,4))-VALUE(RIGHT(E45,4)))*12+(VALUE(LEFT(I45,2))-VALUE(LEFT(E45,2))),""),"")
A46: ALVARADO FLORES ERIK | B46: Hombre | C46: 3871AF | D46: CDMX Y AREA METROPOLITANA | E46: 10-2024 | F46: 09-2025 | G46: 11 | H46: Efectivo | I46: 09-2025 | J46: E10BPT | K46: TOYOTA AVANZA | L46: UBER | M46: =IF(H46="Efectivo",IFERROR((VALUE(RIGHT(I46,4))-VALUE(RIGHT(E46,4)))*12+(VALUE(LEFT(I46,2))-VALUE(LEFT(E46,2))),""),"")
A47: ALVARADO JUAREZ LUIS ADAN | B47: Hombre | C47: 5633AF | D47: CDMX Y AREA METROPOLITANA | E47: 08-2025 | F47: 04-2026 | G47: 7 | H47: Efectivo | I47: 04-2026 | J47: 48G289 | K47: BYD MINIDOLPHIN | L47: UBER | M47: =IF(H47="Efectivo",IFERROR((VALUE(RIGHT(I47,4))-VALUE(RIGHT(E47,4)))*12+(VALUE(LEFT(I47,2))-VALUE(LEFT(E47,2))),""),"")
A48: ALVARADO MARTINEZ ENRIQUE ALFREDO | B48: Hombre | C48: 6374AF | D48: NUEVO LEON | E48: 11-2025 | F48: 03-2026 | G48: 3 | H48: Efectivo | I48: 03-2026 | J48: RYJ862C | K48: TOYOTA AVANZA | L48: UBER | M48: =IF(H48="Efectivo",IFERROR((VALUE(RIGHT(I48,4))-VALUE(RIGHT(E48,4)))*12+(VALUE(LEFT(I48,2))-VALUE(LEFT(E48,2))),""),"")
A49: ALVARADO MORENO FRANCISCO JAVIER | B49: Hombre | C49: 4202AF | D49: NUEVO LEON | E49: 01-2025 | F49: 10-2025 | G49: 9 | H49: Cancelado | J49: TCV544B | K49: ONIX | L49: UBER | M49: =IF(H49="Efectivo",IFERROR((VALUE(RIGHT(I49,4))-VALUE(RIGHT(E49,4)))*12+(VALUE(LEFT(I49,2))-VALUE(LEFT(E49,2))),""),"")
A50: ALVARADO ORDUÑA LUIS | B50: Hombre | C50: 4252AF | D50: CDMX Y AREA METROPOLITANA | E50: 01-2025 | F50: 03-2026 | G50: 13 | H50: Efectivo | I50: 03-2026 | J50: A08BNM | K50: CHEVROLET AVEO | L50: UBER | M50: =IF(H50="Efectivo",IFERROR((VALUE(RIGHT(I50,4))-VALUE(RIGHT(E50,4)))*12+(VALUE(LEFT(I50,2))-VALUE(LEFT(E50,2))),""),"")
A51: ALVARADO SANTIBAÑEZ ALAN MANUEL | B51: Hombre | C51: 6486AF | D51: CDMX Y AREA METROPOLITANA | E51: 12-2025 | F51: 05-2026 | G51: 5 | H51: Pendiente | J51: 15K091 | K51: BYD MINIDOLPHIN | L51: DIDI | M51: =IF(H51="Efectivo",IFERROR((VALUE(RIGHT(I51,4))-VALUE(RIGHT(E51,4)))*12+(VALUE(LEFT(I51,2))-VALUE(LEFT(E51,2))),""),"")
A52: ALVARADO SORIA MARCOS GAMALIEL | B52: Hombre | C52: 5095AF | D52: CDMX Y AREA METROPOLITANA | E52: 06-2025 | F52: 09-2025 | G52: 3 | H52: Pendiente | J52: 28G728 | K52: GAC AION S | L52: UBER | M52: =IF(H52="Efectivo",IFERROR((VALUE(RIGHT(I52,4))-VALUE(RIGHT(E52,4)))*12+(VALUE(LEFT(I52,2))-VALUE(LEFT(E52,2))),""),"")
A53: ALVAREZ BARROSO LUIS ARTURO | B53: Hombre | C53: 5379AF | D53: CDMX Y AREA METROPOLITANA | E53: 07-2025 | F53: 01-2026 | G53: 6 | H53: Efectivo | I53: 01-2026 | J53: 48G159 | K53: BYD MINIDOLPHIN | L53: UBER | M53: =IF(H53="Efectivo",IFERROR((VALUE(RIGHT(I53,4))-VALUE(RIGHT(E53,4)))*12+(VALUE(LEFT(I53,2))-VALUE(LEFT(E53,2))),""),"")
A54: ALVAREZ BONES OSVALDO | B54: Hombre | C54: 4899AF | D54: CDMX Y AREA METROPOLITANA | E54: 05-2025 | F54: 11-2025 | G54: 5 | H54: Efectivo | I54: 11-2025 | J54: 13G735 | K54: BYD D1 | L54: UBER | M54: =IF(H54="Efectivo",IFERROR((VALUE(RIGHT(I54,4))-VALUE(RIGHT(E54,4)))*12+(VALUE(LEFT(I54,2))-VALUE(LEFT(E54,2))),""),"")
A55: ALVAREZ HUIPE GABINO | B55: Hombre | C55: 5933AF | D55: BAJA CALIFORNIA | E55: 10-2025 | F55: 02-2026 | G55: 4 | H55: Efectivo | I55: 03-2026 | J55: BVG822A | K55: CHEVROLET AVEO | L55: UBER | M55: =IF(H55="Efectivo",IFERROR((VALUE(RIGHT(I55,4))-VALUE(RIGHT(E55,4)))*12+(VALUE(LEFT(I55,2))-VALUE(LEFT(E55,2))),""),"")
A56: ALVAREZ MERIDA GABINO | B56: Hombre | C56: 4184AF | D56: CDMX Y AREA METROPOLITANA | E56: 01-2025 | F56: 07-2025 | G56: 6 | H56: Cancelado | J56: 19G598 | K56: BYD D1 | L56: UBER | M56: =IF(H56="Efectivo",IFERROR((VALUE(RIGHT(I56,4))-VALUE(RIGHT(E56,4)))*12+(VALUE(LEFT(I56,2))-VALUE(LEFT(E56,2))),""),"")
A57: ALVAREZ MERIDA GABINO | B57: Hombre | C57: 4184AF | D57: CDMX Y AREA METROPOLITANA | E57: 01-2025 | F57: 04-2026 | G57: 15 | H57: Pendiente | J57: 19G598 | K57: BYD D1 | L57: UBER | M57: =IF(H57="Efectivo",IFERROR((VALUE(RIGHT(I57,4))-VALUE(RIGHT(E57,4)))*12+(VALUE(LEFT(I57,2))-VALUE(LEFT(E57,2))),""),"")
A58: ALVAREZ NARVAEZ WILLIAM | B58: Hombre | C58: 6479AF | D58: NUEVO LEON | E58: 12-2025 | F58: 05-2026 | G58: 5 | H58: Pendiente | J58: 56S304 | K58: BYD MINIDOLPHIN | L58: DIDI | M58: =IF(H58="Efectivo",IFERROR((VALUE(RIGHT(I58,4))-VALUE(RIGHT(E58,4)))*12+(VALUE(LEFT(I58,2))-VALUE(LEFT(E58,2))),""),"")
A59: ALVAREZ RAMIREZ JUAN LUIS | B59: Hombre | C59: 4021AF | D59: CDMX Y AREA METROPOLITANA | E59: 11-2024 | F59: 09-2025 | G59: 9 | H59: Efectivo | I59: 10-2025 | J59: 13G876 | K59: BYD D1 | L59: DIDI | M59: =IF(H59="Efectivo",IFERROR((VALUE(RIGHT(I59,4))-VALUE(RIGHT(E59,4)))*12+(VALUE(LEFT(I59,2))-VALUE(LEFT(E59,2))),""),"")
A60: ALVAREZ RUIZ JOSE JOEL | B60: Hombre | C60: 6555AF | D60: BAJA CALIFORNIA | E60: 12-2025 | F60: 03-2026 | G60: 2 | H60: Efectivo | I60: 03-2026 | J60: CBL128A | K60: CHEVROLET AVEO | L60: DIDI | M60: =IF(H60="Efectivo",IFERROR((VALUE(RIGHT(I60,4))-VALUE(RIGHT(E60,4)))*12+(VALUE(LEFT(I60,2))-VALUE(LEFT(E60,2))),""),"")
A61: AMARO CARRILLO ABEL | B61: Hombre | C61: 5694AF | D61: CDMX Y AREA METROPOLITANA | E61: 09-2025 | F61: 04-2026 | G61: 7 | H61: Efectivo | I61: 04-2026 | J61: 09K866 | K61: GAC AION S | L61: UBER | M61: =IF(H61="Efectivo",IFERROR((VALUE(RIGHT(I61,4))-VALUE(RIGHT(E61,4)))*12+(VALUE(LEFT(I61,2))-VALUE(LEFT(E61,2))),""),"")
A62: AMAYA HUERTA ERIK ALFREDO | B62: Hombre | C62: 5531AF | D62: CDMX Y AREA METROPOLITANA | E62: 08-2025 | F62: 04-2026 | G62: 7 | H62: Efectivo | I62: 05-2026 | J62: 48G183 | K62: BYD MINIDOLPHIN | L62: UBER | M62: =IF(H62="Efectivo",IFERROR((VALUE(RIGHT(I62,4))-VALUE(RIGHT(E62,4)))*12+(VALUE(LEFT(I62,2))-VALUE(LEFT(E62,2))),""),"")
A63: AMBROSIO ESPINOSA DAVID | B63: Hombre | C63: 4875AF | D63: CDMX Y AREA METROPOLITANA | E63: 05-2025 | F63: 11-2025 | G63: 5 | H63: Pendiente | J63: 47G524 | K63: BYD MINIDOLPHIN | L63: UBER | M63: =IF(H63="Efectivo",IFERROR((VALUE(RIGHT(I63,4))-VALUE(RIGHT(E63,4)))*12+(VALUE(LEFT(I63,2))-VALUE(LEFT(E63,2))),""),"")
A64: ANGELES GARCIA JOSE EDUARDO | B64: Hombre | C64: 5661AF | D64: CDMX Y AREA METROPOLITANA | E64: 09-2025 | F64: 04-2026 | G64: 8 | H64: Efectivo | I64: 05-2026 | J64: 31G794 | K64: GAC AION S | L64: DIDI | M64: =IF(H64="Efectivo",IFERROR((VALUE(RIGHT(I64,4))-VALUE(RIGHT(E64,4)))*12+(VALUE(LEFT(I64,2))-VALUE(LEFT(E64,2))),""),"")
A65: APARICIO GALENO HERIBERTO | B65: Hombre | C65: 4152AF | D65: CDMX Y AREA METROPOLITANA | E65: 12-2024 | F65: 02-2026 | G65: 13 | H65: Efectivo | I65: 02-2026 | J65: 81F233 | K65: SUZUKI ERTIGA | L65: UBER | M65: =IF(H65="Efectivo",IFERROR((VALUE(RIGHT(I65,4))-VALUE(RIGHT(E65,4)))*12+(VALUE(LEFT(I65,2))-VALUE(LEFT(E65,2))),""),"")
A66: AQUINO LOPEZ TOMAS | B66: Hombre | C66: 3319AF | D66: BAJA CALIFORNIA | E66: 05-2024 | F66: 12-2025 | G66: 19 | H66: Efectivo | I66: 01-2026 | J66: BPC077A | K66: CHEVROLET AVEO | L66: UBER | M66: =IF(H66="Efectivo",IFERROR((VALUE(RIGHT(I66,4))-VALUE(RIGHT(E66,4)))*12+(VALUE(LEFT(I66,2))-VALUE(LEFT(E66,2))),""),"")
A67: ARAGON POLANCO HECTOR MANUEL | B67: Hombre | C67: 2893AF | D67: BAJA CALIFORNIA | E67: 11-2023 | F67: 05-2026 | G67: 30 | H67: Pendiente | J67: BKM644A | K67: CHEVROLET AVEO | L67: UBER | M67: =IF(H67="Efectivo",IFERROR((VALUE(RIGHT(I67,4))-VALUE(RIGHT(E67,4)))*12+(VALUE(LEFT(I67,2))-VALUE(LEFT(E67,2))),""),"")
A68: ARELLANO CERVANTES JUAN PABLO | B68: Hombre | C68: 3454AF | D68: JALISCO | E68: 07-2024 | F68: 12-2025 | G68: 18 | H68: Efectivo | I68: 01-2026 | J68: HWE170A | K68: CHEVROLET AVEO | L68: UBER | M68: =IF(H68="Efectivo",IFERROR((VALUE(RIGHT(I68,4))-VALUE(RIGHT(E68,4)))*12+(VALUE(LEFT(I68,2))-VALUE(LEFT(E68,2))),""),"")
A69: ARELLANO JIMENEZ EDUARDO | B69: Hombre | C69: 4573AF | D69: BAJA CALIFORNIA | E69: 04-2025 | F69: 09-2025 | G69: 5 | H69: Pendiente | J69: BWX671A | K69: CHEVROLET AVEO | L69: UBER | M69: =IF(H69="Efectivo",IFERROR((VALUE(RIGHT(I69,4))-VALUE(RIGHT(E69,4)))*12+(VALUE(LEFT(I69,2))-VALUE(LEFT(E69,2))),""),"")
A70: ARENAS MACIAS RICARDO | B70: Hombre | C70: 2149AF | D70: JALISCO | E70: 06-2022 | F70: 04-2025 | G70: 35 | H70: Efectivo | I70: 05-2025 | J70: JSX3949 | K70: CHEVROLET AVEO | L70: UBER | M70: =IF(H70="Efectivo",IFERROR((VALUE(RIGHT(I70,4))-VALUE(RIGHT(E70,4)))*12+(VALUE(LEFT(I70,2))-VALUE(LEFT(E70,2))),""),"")
A71: AREVALO DATTOLI RAFAEL | B71: Hombre | C71: 6243AF | D71: CDMX Y AREA METROPOLITANA | E71: 11-2025 | F71: 02-2026 | G71: 3 | H71: Efectivo | I71: 04-2026 | J71: 62G237 | K71: BYD E5 | L71: UBER | M71: =IF(H71="Efectivo",IFERROR((VALUE(RIGHT(I71,4))-VALUE(RIGHT(E71,4)))*12+(VALUE(LEFT(I71,2))-VALUE(LEFT(E71,2))),""),"")
A72: AREVALO GARCIA ISRAEL JONATHAN | B72: Hombre | C72: 4944AF | D72: CDMX Y AREA METROPOLITANA | E72: 05-2025 | F72: 09-2025 | G72: 3 | H72: Pendiente | J72: 47G512 | K72: BYD MINIDOLPHIN | L72: DIDI | M72: =IF(H72="Efectivo",IFERROR((VALUE(RIGHT(I72,4))-VALUE(RIGHT(E72,4)))*12+(VALUE(LEFT(I72,2))-VALUE(LEFT(E72,2))),""),"")
A73: AREVALO HERNANDEZ MARCOS DANIEL | B73: Hombre | C73: 5332AF | D73: CDMX Y AREA METROPOLITANA | E73: 07-2025 | F73: 02-2026 | G73: 7 | H73: Pendiente | J73: 31G619 | K73: GAC AION S | L73: UBER | M73: =IF(H73="Efectivo",IFERROR((VALUE(RIGHT(I73,4))-VALUE(RIGHT(E73,4)))*12+(VALUE(LEFT(I73,2))-VALUE(LEFT(E73,2))),""),"")
A74: ARGUELLES AGUIRRE ISAAC ANGEL | B74: Hombre | C74: 5211AF | D74: BAJA CALIFORNIA | E74: 07-2025 | F74: 11-2025 | G74: 5 | H74: Cancelado | J74: BYY747A | K74: CHEVROLET AVEO | L74: UBER | M74: =IF(H74="Efectivo",IFERROR((VALUE(RIGHT(I74,4))-VALUE(RIGHT(E74,4)))*12+(VALUE(LEFT(I74,2))-VALUE(LEFT(E74,2))),""),"")
A75: ARIAS CABRERA LUIS ALBERTO | B75: Hombre | C75: 3140AF | D75: CDMX Y AREA METROPOLITANA | E75: 03-2024 | F75: 03-2026 | G75: 24 | H75: Efectivo | I75: 05-2026 | J75: 84F061 | K75: BYD D1 | L75: UBER | M75: =IF(H75="Efectivo",IFERROR((VALUE(RIGHT(I75,4))-VALUE(RIGHT(E75,4)))*12+(VALUE(LEFT(I75,2))-VALUE(LEFT(E75,2))),""),"")
A76: ARIAS VILLALPANDO ERICK LEOBARDO | B76: Hombre | C76: 5686AF | D76: NUEVO LEON | E76: 09-2025 | F76: 11-2025 | G76: 2 | H76: Pendiente | J76: RXN889C | K76: CHEVROLET AVEO | L76: DIDI | M76: =IF(H76="Efectivo",IFERROR((VALUE(RIGHT(I76,4))-VALUE(RIGHT(E76,4)))*12+(VALUE(LEFT(I76,2))-VALUE(LEFT(E76,2))),""),"")
A77: ARREDON BATTA ROBERTO | B77: Hombre | C77: 5583AF | D77: JALISCO | E77: 08-2025 | F77: 04-2026 | G77: 8 | H77: Pendiente | J77: JNU148A | K77: TOYOTA AVANZA | L77: UBER | M77: =IF(H77="Efectivo",IFERROR((VALUE(RIGHT(I77,4))-VALUE(RIGHT(E77,4)))*12+(VALUE(LEFT(I77,2))-VALUE(LEFT(E77,2))),""),"")
A78: ARREDONDO SOLORIO JUAN ALBERTO | B78: Hombre | C78: 4107AF | D78: CDMX Y AREA METROPOLITANA | E78: 12-2024 | F78: 04-2026 | G78: 16 | H78: Efectivo | I78: 04-2026 | J78: 19G469 | K78: BYD D1 | L78: UBER | M78: =IF(H78="Efectivo",IFERROR((VALUE(RIGHT(I78,4))-VALUE(RIGHT(E78,4)))*12+(VALUE(LEFT(I78,2))-VALUE(LEFT(E78,2))),""),"")
A79: ARREDONDO VILLANUEVA JORGE DAMIAN | B79: Hombre | C79: 4154AF | D79: CDMX Y AREA METROPOLITANA | E79: 12-2024 | F79: 01-2025 | G79: 1 | H79: Efectivo | I79: 02-2025 | J79: 19G361 | K79: BYD D1 | L79: DIDI | M79: =IF(H79="Efectivo",IFERROR((VALUE(RIGHT(I79,4))-VALUE(RIGHT(E79,4)))*12+(VALUE(LEFT(I79,2))-VALUE(LEFT(E79,2))),""),"")
A80: ARREOLA TORRES DIEGO | B80: Hombre | C80: 2199AF | D80: CDMX Y AREA METROPOLITANA | E80: 08-2022 | F80: 04-2025 | G80: 33 | H80: Cancelado | J80: J12BMZ | K80: IGNIS | L80: UBER | M80: =IF(H80="Efectivo",IFERROR((VALUE(RIGHT(I80,4))-VALUE(RIGHT(E80,4)))*12+(VALUE(LEFT(I80,2))-VALUE(LEFT(E80,2))),""),"")
A81: ARRIAGA DIAZ ALEJANDRO | B81: Hombre | C81: 5860AF | D81: CDMX Y AREA METROPOLITANA | E81: 09-2025 | F81: 12-2025 | G81: 3 | H81: Efectivo | I81: 01-2026 | J81: 11K502 | K81: BYD MINIDOLPHIN | L81: DIDI | M81: =IF(H81="Efectivo",IFERROR((VALUE(RIGHT(I81,4))-VALUE(RIGHT(E81,4)))*12+(VALUE(LEFT(I81,2))-VALUE(LEFT(E81,2))),""),"")
A82: ARZATE JIMENEZ JOSE ANTONIO | B82: Hombre | C82: 4148AF | D82: CDMX Y AREA METROPOLITANA | E82: 12-2024 | F82: 08-2025 | G82: 8 | H82: Efectivo | I82: 09-2025 | J82: 19G582 | K82: BYD D1 | L82: UBER | M82: =IF(H82="Efectivo",IFERROR((VALUE(RIGHT(I82,4))-VALUE(RIGHT(E82,4)))*12+(VALUE(LEFT(I82,2))-VALUE(LEFT(E82,2))),""),"")
A83: ASCENCIO AMPARANO SERGIO ALEJANDRO | B83: Hombre | C83: 2825AF | D83: BAJA CALIFORNIA | E83: 10-2023 | F83: 04-2026 | G83: 29 | H83: Pendiente | J83: BKB317A | K83: CHEVROLET AVEO | L83: UBER | M83: =IF(H83="Efectivo",IFERROR((VALUE(RIGHT(I83,4))-VALUE(RIGHT(E83,4)))*12+(VALUE(LEFT(I83,2))-VALUE(LEFT(E83,2))),""),"")
A84: AVALOS CALIXTO SALVADOR | B84: Hombre | C84: 4423AF | D84: CDMX Y AREA METROPOLITANA | E84: 03-2025 | F84: 06-2025 | G84: 3 | H84: Efectivo | I84: 06-2025 | J84: 31G769 | K84: GAC AION S | L84: UBER | M84: =IF(H84="Efectivo",IFERROR((VALUE(RIGHT(I84,4))-VALUE(RIGHT(E84,4)))*12+(VALUE(LEFT(I84,2))-VALUE(LEFT(E84,2))),""),"")
A85: AVALOS HERNANDEZ AGUSTIN | B85: Hombre | C85: 5209AF | D85: NUEVO LEON | E85: 07-2025 | F85: 11-2025 | G85: 5 | H85: Efectivo | I85: 12-2025 | J85: RUW804C | K85: TOYOTA AVANZA | L85: DIDI | M85: =IF(H85="Efectivo",IFERROR((VALUE(RIGHT(I85,4))-VALUE(RIGHT(E85,4)))*12+(VALUE(LEFT(I85,2))-VALUE(LEFT(E85,2))),""),"")
A86: AVALOS HERNANDEZ GERARDO | B86: Hombre | C86: 5793AF | D86: NUEVO LEON | E86: 09-2025 | F86: 12-2025 | G86: 2 | H86: Efectivo | I86: 02-2026 | J86: RXC633C | K86: TOYOTA AVANZA | L86: DIDI | M86: =IF(H86="Efectivo",IFERROR((VALUE(RIGHT(I86,4))-VALUE(RIGHT(E86,4)))*12+(VALUE(LEFT(I86,2))-VALUE(LEFT(E86,2))),""),"")
A87: AVELINO QUEZADA ARTURO | B87: Hombre | C87: 5624AF | D87: CDMX Y AREA METROPOLITANA | E87: 08-2025 | F87: 12-2025 | G87: 4 | H87: Efectivo | I87: 01-2026 | J87: 48G299 | K87: BYD MINIDOLPHIN | L87: DIDI | M87: =IF(H87="Efectivo",IFERROR((VALUE(RIGHT(I87,4))-VALUE(RIGHT(E87,4)))*12+(VALUE(LEFT(I87,2))-VALUE(LEFT(E87,2))),""),"")
A88: AVENDAÑO LOPEZ MARCELO | B88: Hombre | C88: 3972AF | D88: CDMX Y AREA METROPOLITANA | E88: 11-2024 | F88: 09-2025 | G88: 10 | H88: Pendiente | J88: D70BPN | K88: CHEVROLET AVEO | L88: UBER | M88: =IF(H88="Efectivo",IFERROR((VALUE(RIGHT(I88,4))-VALUE(RIGHT(E88,4)))*12+(VALUE(LEFT(I88,2))-VALUE(LEFT(E88,2))),""),"")
A89: AVILA ALVA HECTOR RAFAEL | B89: Hombre | C89: 4196AF | D89: CDMX Y AREA METROPOLITANA | E89: 01-2025 | F89: 02-2026 | G89: 13 | H89: Pendiente | J89: M84BRD | K89: CHEVROLET AVEO | L89: UBER | M89: =IF(H89="Efectivo",IFERROR((VALUE(RIGHT(I89,4))-VALUE(RIGHT(E89,4)))*12+(VALUE(LEFT(I89,2))-VALUE(LEFT(E89,2))),""),"")
A90: AVILA ANGULO OMAR | B90: Hombre | C90: 6445AF | D90: BAJA CALIFORNIA | E90: 12-2025 | F90: 04-2026 | G90: 4 | H90: Efectivo | I90: 04-2026 | J90: CBL126A | K90: CHEVROLET AVEO | L90: DIDI | M90: =IF(H90="Efectivo",IFERROR((VALUE(RIGHT(I90,4))-VALUE(RIGHT(E90,4)))*12+(VALUE(LEFT(I90,2))-VALUE(LEFT(E90,2))),""),"")
A91: AVILA COLUNGA MIGUEL ESTEBAN | B91: Hombre | C91: 5086AF | D91: NUEVO LEON | E91: 06-2025 | F91: 04-2026 | G91: 10 | H91: Efectivo | I91: 04-2026 | J91: RUW785C | K91: CHEVROLET AVEO | L91: UBER | M91: =IF(H91="Efectivo",IFERROR((VALUE(RIGHT(I91,4))-VALUE(RIGHT(E91,4)))*12+(VALUE(LEFT(I91,2))-VALUE(LEFT(E91,2))),""),"")
A92: AVIÑA PADILLA CARLOS AUGUSTO | B92: Hombre | C92: 5023AF | D92: JALISCO | E92: 06-2025 | F92: 10-2025 | G92: 4 | H92: Efectivo | I92: 11-2025 | J92: JAY052A | K92: CHEVROLET AVEO | L92: UBER | M92: =IF(H92="Efectivo",IFERROR((VALUE(RIGHT(I92,4))-VALUE(RIGHT(E92,4)))*12+(VALUE(LEFT(I92,2))-VALUE(LEFT(E92,2))),""),"")
A93: AYALA JIMENEZ RICARDO ROBERTO | B93: Hombre | C93: 5872AF | D93: BAJA CALIFORNIA | E93: 10-2025 | F93: 04-2026 | G93: 7 | H93: Cancelado | J93: CAD713A | K93: CHEVROLET AVEO | L93: UBER | M93: =IF(H93="Efectivo",IFERROR((VALUE(RIGHT(I93,4))-VALUE(RIGHT(E93,4)))*12+(VALUE(LEFT(I93,2))-VALUE(LEFT(E93,2))),""),"")
A94: AYALA SANCHEZ IGNACIO | B94: Hombre | C94: 4341AF | D94: CDMX Y AREA METROPOLITANA | E94: 02-2025 | F94: 06-2025 | G94: 4 | H94: Efectivo | I94: 07-2025 | J94: 31G717 | K94: GAC AION S | L94: UBER | M94: =IF(H94="Efectivo",IFERROR((VALUE(RIGHT(I94,4))-VALUE(RIGHT(E94,4)))*12+(VALUE(LEFT(I94,2))-VALUE(LEFT(E94,2))),""),"")
A95: BADILLO PEREZ CHRISTOPHER ALEXIS | B95: Hombre | C95: 5857AF | D95: CDMX Y AREA METROPOLITANA | E95: 09-2025 | F95: 02-2026 | G95: 4 | H95: Efectivo | I95: 04-2026 | J95: 11K500 | K95: BYD MINIDOLPHIN | L95: DIDI | M95: =IF(H95="Efectivo",IFERROR((VALUE(RIGHT(I95,4))-VALUE(RIGHT(E95,4)))*12+(VALUE(LEFT(I95,2))-VALUE(LEFT(E95,2))),""),"")
A96: BADILLO VALLE ZAIRA | B96: Mujer | C96: 3528AF | D96: CDMX Y AREA METROPOLITANA | E96: 07-2024 | F96: 11-2025 | G96: 16 | H96: Efectivo | I96: 12-2025 | J96: 89F764 | K96: BYD D1 | L96: UBER | M96: =IF(H96="Efectivo",IFERROR((VALUE(RIGHT(I96,4))-VALUE(RIGHT(E96,4)))*12+(VALUE(LEFT(I96,2))-VALUE(LEFT(E96,2))),""),"")
A97: BALTAZAR QUIROZ FELIPE | B97: Hombre | C97: 4210AF | D97: CDMX Y AREA METROPOLITANA | E97: 01-2025 | F97: 04-2025 | G97: 2 | H97: Pendiente | J97: 62F589 | K97: GAC AION S | L97: UBER | M97: =IF(H97="Efectivo",IFERROR((VALUE(RIGHT(I97,4))-VALUE(RIGHT(E97,4)))*12+(VALUE(LEFT(I97,2))-VALUE(LEFT(E97,2))),""),"")
A98: BAÑOS HERNANDEZ GERARDO | B98: Hombre | C98: 5004AF | D98: CDMX Y AREA METROPOLITANA | E98: 06-2025 | F98: 09-2025 | G98: 3 | H98: Pendiente | J98: 31G853 | K98: GAC AION S | L98: UBER | M98: =IF(H98="Efectivo",IFERROR((VALUE(RIGHT(I98,4))-VALUE(RIGHT(E98,4)))*12+(VALUE(LEFT(I98,2))-VALUE(LEFT(E98,2))),""),"")
A99: BAÑUELOS MENDOZA RICARDO | B99: Hombre | C99: 4437AF | D99: CDMX Y AREA METROPOLITANA | E99: 03-2025 | F99: 09-2025 | G99: 6 | H99: Efectivo | I99: 08-2025 | J99: 31G708 | K99: GAC AION S | L99: DIDI | M99: =IF(H99="Efectivo",IFERROR((VALUE(RIGHT(I99,4))-VALUE(RIGHT(E99,4)))*12+(VALUE(LEFT(I99,2))-VALUE(LEFT(E99,2))),""),"")
A100: BARON BARAHONA FRANCISCO | B100: Hombre | C100: 4570AF | D100: BAJA CALIFORNIA | E100: 04-2025 | F100: 12-2025 | G100: 8 | H100: Efectivo | I100: 12-2025 | J100: BWX659A | K100: CHEVROLET AVEO | L100: UBER | M100: =IF(H100="Efectivo",IFERROR((VALUE(RIGHT(I100,4))-VALUE(RIGHT(E100,4)))*12+(VALUE(LEFT(I100,2))-VALUE(LEFT(E100,2))),""),"")
...

Sheet Originaciones
A1: ② ORIGINACIONES POR COHORTE — agrega filas nuevas al final
A2: Cosecha (MM-YYYY) | B2: N Originaciones | C2: UBER | D2: DIDI
A3: 01-2023 | B3: 36 | C3: 36 | D3: 0
A4: 02-2023 | B4: 31 | C4: 31 | D4: 0
A5: 03-2023 | B5: 30 | C5: 30 | D5: 0
A6: 04-2023 | B6: 27 | C6: 27 | D6: 0
A7: 05-2023 | B7: 28 | C7: 28 | D7: 0
A8: 06-2023 | B8: 44 | C8: 44 | D8: 0
A9: 07-2023 | B9: 43 | C9: 43 | D9: 0
A10: 08-2023 | B10: 50 | C10: 50 | D10: 0
A11: 09-2023 | B11: 55 | C11: 55 | D11: 0
A12: 10-2023 | B12: 51 | C12: 51 | D12: 0
A13: 11-2023 | B13: 58 | C13: 58 | D13: 0
A14: 12-2023 | B14: 36 | C14: 36 | D14: 0
... A42: 04-2026 | B42: 218 | C42: 165 | D42: 53
A43: 05-2026
A44: 06-2026
A45: 07-2026
A46: 08-2026
A47: 09-2026
A48: 10-2026
A49: 11-2026
A50: 12-2026

Sheet Flota Activa
A1: Flota Activa por mes
A2: Cosecha (MM-YYYY) | B2: Flota Activa
A3: 01-2023 | B3: 1339
A4: 02-2023 | B4: 1345
A5: 03-2023 | B5: 1337
A6: 04-2023 | B6: 1331
A7: 05-2023 | B7: 1307
A8: 06-2023 | B8: 1302
A9: 07-2023 | B9: 1313
A10: 08-2023 | B10: 1311
A11: 09-2023 | B11: 1322
A12: 10-2023 | B12: 1321
A13: 11-2023 | B13: 1336
A14: 12-2023 | B14: 1327
... A42: 04-2026 | B42: 3384
A43: 05-2026
A44: 06-2026
A45: 07-2026
A46: 08-2026
A47: 09-2026
A48: 10-2026
A49: 11-2026
A50: 12-2026

Sheet KPIs
A1: RESUMEN GENERAL — se recalcula automáticamente con el Export
A2: KPI | B2: Valor | C2: Descripción
A3: Total enviados a recuperación | B3: =COUNTA(Export!C3:C4000) | C3: Contratos únicos en Export
A4: Total recuperados (Efectivo) | B4: =COUNTIF(Export!H3:H4000,"Efectivo") | C4: Estatus = Efectivo
A5: Total pendientes | B5: =COUNTIF(Export!H3:H4000,"Pendiente") | C5: Estatus = Pendiente
A6: Total cancelados | B6: =COUNTIF(Export!H3:H4000,"Cancelado") | C6: Estatus = Cancelado
A7: Tasa de recuperación (%) | B7: =IFERROR(COUNTIF(Export!H3:H4000,"Efectivo")/COUNTA(Export!C3:C4000)*100,0) | C7: Efectivo / Total enviados
A8: UBER — total | B8: =COUNTIF(Export!L3:L4000,"UBER") | C8: Plataforma = UBER
A9: DIDI — total | B9: =COUNTIF(Export!L3:L4000,"DIDI") | C9: Plataforma = DIDI
A10: Cohortes activas (2024+) | B10: {=SUMPRODUCT((LEN(Export!E3:E4000)>0)*(--ISNUMBER(VALUE(RIGHT(Export!E3:E4000,4))))*(VALUE(RIGHT(Export!E3:E4000,4))>=2024)/1)} | C10: Cohortes únicas con datos

Sheet Cohort_Detail
A1: COHORT DETAIL — COUNTIFS sobre Export + Originaciones
A2: Cosecha | B2: N Orig | C2: Sent to Recovery | D2: Repossessed | E2: Pending | F2: % Repossessed | G2: % Sent / Orig | H2: % Reposs / Orig | I2: Cancelados | J2: Flota Activa | K2: % Sent / Activa | L2: % Reposs / Activa
A3: 01-2024 | B3: =IFERROR(VLOOKUP(A3,Originaciones!$A:$B,2,0),"") | C3: =IFERROR(COUNTIF(Export!$E:$E,A3),0) | D3: =IFERROR(COUNTIFS(Export!$E:$E,A3,Export!$H:$H,"Efectivo"),0) | E3: =IFERROR(COUNTIFS(Export!$E:$E,A3,Export!$H:$H,"Pendiente"),0) | F3: =IFERROR(D3/C3,"") | G3: =IFERROR(C3/B3,"") | H3: =IFERROR(D3/B3,"") | I3: =IFERROR(COUNTIFS(Export!$E:$E,A3,Export!$H:$H,"Cancelado"),0) | J3: =IFERROR(VLOOKUP(A3,'Flota Activa'!$A:$B,2,0),"") | K3: =IFERROR(C3/J3,"") | L3: =IFERROR(D3/J3,"")
A4: 02-2024 | B4: =IFERROR(VLOOKUP(A4,Originaciones!$A:$B,2,0),"") | C4: =IFERROR(COUNTIF(Export!$E:$E,A4),0) | D4: =IFERROR(COUNTIFS(Export!$E:$E,A4,Export!$H:$H,"Efectivo"),0) | E4: =IFERROR(COUNTIFS(Export!$E:$E,A4,Export!$H:$H,"Pendiente"),0) | F4: =IFERROR(D4/C4,"") | G4: =IFERROR(C4/B4,"") | H4: =IFERROR(D4/B4,"") | I4: =IFERROR(COUNTIFS(Export!$E:$E,A4,Export!$H:$H,"Cancelado"),0) | J4: =IFERROR(VLOOKUP(A4,'Flota Activa'!$A:$B,2,0),"") | K4: =IFERROR(C4/J4,"") | L4: =IFERROR(D4/J4,"")
A5: 03-2024 | B5: =IFERROR(VLOOKUP(A5,Originaciones!$A:$B,2,0),"") | C5: =IFERROR(COUNTIF(Export!$E:$E,A5),0) | D5: =IFERROR(COUNTIFS(Export!$E:$E,A5,Export!$H:$H,"Efectivo"),0) | E5: =IFERROR(COUNTIFS(Export!$E:$E,A5,Export!$H:$H,"Pendiente"),0) | F5: =IFERROR(D5/C5,"") | G5: =IFERROR(C5/B5,"") | H5: =IFERROR(D5/B5,"") | I5: =IFERROR(COUNTIFS(Export!$E:$E,A5,Export!$H:$H,"Cancelado"),0) | J5: =IFERROR(VLOOKUP(A5,'Flota Activa'!$A:$B,2,0),"") | K5: =IFERROR(C5/J5,"") | L5: =IFERROR(D5/J5,"")
A6: 04-2024 | B6: =IFERROR(VLOOKUP(A6,Originaciones!$A:$B,2,0),"") | C6: =IFERROR(COUNTIF(Export!$E:$E,A6),0) | D6: =IFERROR(COUNTIFS(Export!$E:$E,A6,Export!$H:$H,"Efectivo"),0) | E6: =IFERROR(COUNTIFS(Export!$E:$E,A6,Export!$H:$H,"Pendiente"),0) | F6: =IFERROR(D6/C6,"") | G6: =IFERROR(C6/B6,"") | H6: =IFERROR(D6/B6,"") | I6: =IFERROR(COUNTIFS(Export!$E:$E,A6,Export!$H:$H,"Cancelado"),0) | J6: =IFERROR(VLOOKUP(A6,'Flota Activa'!$A:$B,2,0),"") | K6: =IFERROR(C6/J6,"") | L6: =IFERROR(D6/J6,"")
A7: 05-2024 | B7: =IFERROR(VLOOKUP(A7,Originaciones!$A:$B,2,0),"") | C7: =IFERROR(COUNTIF(Export!$E:$E,A7),0) | D7: =IFERROR(COUNTIFS(Export!$E:$E,A7,Export!$H:$H,"Efectivo"),0) | E7: =IFERROR(COUNTIFS(Export!$E:$E,A7,Export!$H:$H,"Pendiente"),0) | F7: =IFERROR(D7/C7,"") | G7: =IFERROR(C7/B7,"") | H7: =IFERROR(D7/B7,"") | I7: =IFERROR(COUNTIFS(Export!$E:$E,A7,Export!$H:$H,"Cancelado"),0) | J7: =IFERROR(VLOOKUP(A7,'Flota Activa'!$A:$B,2,0),"") | K7: =IFERROR(C7/J7,"") | L7: =IFERROR(D7/J7,"")
A8: 06-2024 | B8: =IFERROR(VLOOKUP(A8,Originaciones!$A:$B,2,0),"") | C8: =IFERROR(COUNTIF(Export!$E:$E,A8),0) | D8: =IFERROR(COUNTIFS(Export!$E:$E,A8,Export!$H:$H,"Efectivo"),0) | E8: =IFERROR(COUNTIFS(Export!$E:$E,A8,Export!$H:$H,"Pendiente"),0) | F8: =IFERROR(D8/C8,"") | G8: =IFERROR(C8/B8,"") | H8: =IFERROR(D8/B8,"") | I8: =IFERROR(COUNTIFS(Export!$E:$E,A8,Export!$H:$H,"Cancelado"),0) | J8: =IFERROR(VLOOKUP(A8,'Flota Activa'!$A:$B,2,0),"") | K8: =IFERROR(C8/J8,"") | L8: =IFERROR(D8/J8,"")
A9: 07-2024 | B9: =IFERROR(VLOOKUP(A9,Originaciones!$A:$B,2,0),"") | C9: =IFERROR(COUNTIF(Export!$E:$E,A9),0) | D9: =IFERROR(COUNTIFS(Export!$E:$E,A9,Export!$H:$H,"Efectivo"),0) | E9: =IFERROR(COUNTIFS(Export!$E:$E,A9,Export!$H:$H,"Pendiente"),0) | F9: =IFERROR(D9/C9,"") | G9: =IFERROR(C9/B9,"") | H9: =IFERROR(D9/B9,"") | I9: =IFERROR(COUNTIFS(Export!$E:$E,A9,Export!$H:$H,"Cancelado"),0) | J9: =IFERROR(VLOOKUP(A9,'Flota Activa'!$A:$B,2,0),"") | K9: =IFERROR(C9/J9,"") | L9: =IFERROR(D9/J9,"")
A10: 08-2024 | B10: =IFERROR(VLOOKUP(A10,Originaciones!$A:$B,2,0),"") | C10: =IFERROR(COUNTIF(Export!$E:$E,A10),0) | D10: =IFERROR(COUNTIFS(Export!$E:$E,A10,Export!$H:$H,"Efectivo"),0) | E10: =IFERROR(COUNTIFS(Export!$E:$E,A10,Export!$H:$H,"Pendiente"),0) | F10: =IFERROR(D10/C10,"") | G10: =IFERROR(C10/B10,"") | H10: =IFERROR(D10/B10,"") | I10: =IFERROR(COUNTIFS(Export!$E:$E,A10,Export!$H:$H,"Cancelado"),0) | J10: =IFERROR(VLOOKUP(A10,'Flota Activa'!$A:$B,2,0),"") | K10: =IFERROR(C10/J10,"") | L10: =IFERROR(D10/J10,"")
A11: 09-2024 | B11: =IFERROR(VLOOKUP(A11,Originaciones!$A:$B,2,0),"") | C11: =IFERROR(COUNTIF(Export!$E:$E,A11),0) | D11: =IFERROR(COUNTIFS(Export!$E:$E,A11,Export!$H:$H,"Efectivo"),0) | E11: =IFERROR(COUNTIFS(Export!$E:$E,A11,Export!$H:$H,"Pendiente"),0) | F11: =IFERROR(D11/C11,"") | G11: =IFERROR(C11/B11,"") | H11: =IFERROR(D11/B11,"") | I11: =IFERROR(COUNTIFS(Export!$E:$E,A11,Export!$H:$H,"Cancelado"),0) | J11: =IFERROR(VLOOKUP(A11,'Flota Activa'!$A:$B,2,0),"") | K11: =IFERROR(C11/J11,"") | L11: =IFERROR(D11/J11,"")
A12: 10-2024 | B12: =IFERROR(VLOOKUP(A12,Originaciones!$A:$B,2,0),"") | C12: =IFERROR(COUNTIF(Export!$E:$E,A12),0) | D12: =IFERROR(COUNTIFS(Export!$E:$E,A12,Export!$H:$H,"Efectivo"),0) | E12: =IFERROR(COUNTIFS(Export!$E:$E,A12,Export!$H:$H,"Pendiente"),0) | F12: =IFERROR(D12/C12,"") | G12: =IFERROR(C12/B12,"") | H12: =IFERROR(D12/B12,"") | I12: =IFERROR(COUNTIFS(Export!$E:$E,A12,Export!$H:$H,"Cancelado"),0) | J12: =IFERROR(VLOOKUP(A12,'Flota Activa'!$A:$B,2,0),"") | K12: =IFERROR(C12/J12,"") | L12: =IFERROR(D12/J12,"")
A13: 11-2024 | B13: =IFERROR(VLOOKUP(A13,Originaciones!$A:$B,2,0),"") | C13: =IFERROR(COUNTIF(Export!$E:$E,A13),0) | D13: =IFERROR(COUNTIFS(Export!$E:$E,A13,Export!$H:$H,"Efectivo"),0) | E13: =IFERROR(COUNTIFS(Export!$E:$E,A13,Export!$H:$H,"Pendiente"),0) | F13: =IFERROR(D13/C13,"") | G13: =IFERROR(C13/B13,"") | H13: =IFERROR(D13/B13,"") | I13: =IFERROR(COUNTIFS(Export!$E:$E,A13,Export!$H:$H,"Cancelado"),0) | J13: =IFERROR(VLOOKUP(A13,'Flota Activa'!$A:$B,2,0),"") | K13: =IFERROR(C13/J13,"") | L13: =IFERROR(D13/J13,"")
A14: 12-2024 | B14: =IFERROR(VLOOKUP(A14,Originaciones!$A:$B,2,0),"") | C14: =IFERROR(COUNTIF(Export!$E:$E,A14),0) | D14: =IFERROR(COUNTIFS(Export!$E:$E,A14,Export!$H:$H,"Efectivo"),0) | E14: =IFERROR(COUNTIFS(Export!$E:$E,A14,Export!$H:$H,"Pendiente"),0) | F14: =IFERROR(D14/C14,"") | G14: =IFERROR(C14/B14,"") | H14: =IFERROR(D14/B14,"") | I14: =IFERROR(COUNTIFS(Export!$E:$E,A14,Export!$H:$H,"Cancelado"),0) | J14: =IFERROR(VLOOKUP(A14,'Flota Activa'!$A:$B,2,0),"") | K14: =IFERROR(C14/J14,"") | L14: =IFERROR(D14/J14,"")
... A50: 12-2027 | B50: =IFERROR(VLOOKUP(A50,Originaciones!$A:$B,2,0),"") | C50: =IFERROR(COUNTIF(Export!$E:$E,A50),0) | D50: =IFERROR(COUNTIFS(Export!$E:$E,A50,Export!$H:$H,"Efectivo"),0) | E50: =IFERROR(COUNTIFS(Export!$E:$E,A50,Export!$H:$H,"Pendiente"),0) | F50: =IFERROR(D50/C50,"") | G50: =IFERROR(C50/B50,"") | H50: =IFERROR(D50/B50,"") | I50: =IFERROR(COUNTIFS(Export!$E:$E,A50,Export!$H:$H,"Cancelado"),0) | J50: =IFERROR(VLOOKUP(A50,'Flota Activa'!$A:$B,2,0),"") | K50: =IFERROR(C50/J50,"") | L50: =IFERROR(D50/J50,"")
A51: TOTAL | B51: =SUM(B3:B50) | C51: =SUM(C3:C50) | D51: =SUM(D3:D50) | E51: =SUM(E3:E50) | F51: =IFERROR(D51/C51,"") | G51: =IFERROR(C51/B51,"") | H51: =IFERROR(D51/B51,"") | I51: =SUM(I3:I50) | J51: =IFERROR(VLOOKUP(A51,'Flota Activa'!$A:$B,2,0),"") | K51: =IFERROR(C51/J51,"") | L51: =IFERROR(D51/J51,"")

Sheet Heatmap
A1: HEATMAP — % acumulado recuperado por cohorte × mes transcurrido (M+0 a M+36)
A2: Cosecha | B2: N Sent | C2: N Orig | D2: N Activa | E2: M+0 | F2: M+1 | G2: M+2 | H2: M+3 | I2: M+4 | J2: M+5 | K2: M+6 | L2: M+7 | M2: M+8 | N2: M+9 | O2: M+10 | P2: M+11 | Q2: M+12 | R2: M+13 | S2: M+14 | T2: M+15 | U2: M+16 | V2: M+17 | W2: M+18 | X2: M+19 | Y2: M+20 | Z2: M+21 | AA2: M+22 | AB2: M+23 | AC2: M+24 | AD2: M+25 | AE2: M+26 | AF2: M+27 | AG2: M+28 | AH2: M+29 | AI2: M+30 | AJ2: M+31 | AK2: M+32 | AL2: M+33 | AM2: M+34 | AN2: M+35 | AO2: M+36
A3: 01-2024 | B3: =IFERROR(COUNTIF(Export!$E:$E,A3),0) | C3: =IFERROR(VLOOKUP(A3,Originaciones!$A:$B,2,0),"") | D3: =IFERROR(VLOOKUP(A3,'Flota Activa'!$A:$B,2,0),"") | E3: =IF(B3=0,"",IFERROR(COUNTIFS(Export!$E:$E,A3,Export!$H:$H,"Efectivo",Export!$M:$M,"<="&0)/B3*100,0)) | F3: =IF(B3=0,"",IFERROR(COUNTIFS(Export!$E:$E,A3,Export!$H:$H,"Efectivo",Export!$M:$M,"<="&1)/B3*100,0)) | G3: =IF(B3=0,"",IFERROR(COUNTIFS(Export!$E:$E,A3,Export!$H:$H,"Efectivo",Export!$M:$M,"<="&2)/B3*100,0)) | H3: =IF(B3=0,"",IFERROR(COUNTIFS(Export!$E:$E,A3,Export!$H:$H,"Efectivo",Export!$M:$M,"<="&3)/B3*100,0)) | I3: =IF(B3=0,"",IFERROR(COUNTIFS(Export!$E:$E,A3,Export!$H:$H,"Efectivo",Export!$M:$M,"<="&4)/B3*100,0)) | J3: =IF(B3=0,"",IFERROR(COUNTIFS(Export!$E:$E,A3,Export!$H:$H,"Efectivo",Export!$M:$M,"<="&5)/B3*100,0)) | K3: =IF(B3=0,"",IFERROR(COUNTIFS(Export!$E:$E,A3,Export!$H:$H,"Efectivo",Export!$M:$M,"<="&6)/B3*100,0)) | L3: =IF(B3=0,"",IFERROR(COUNTIFS(Export!$E:$E,A3,Export!$H:$H,"Efectivo",Export!$M:$M,"<="&7)/B3*100,0)) | M3: =IF(B3=0,"",IFERROR(COUNTIFS(Export!$E:$E,A3,Export!$H:$H,"Efectivo",Export!$M:$M,"<="&8)/B3*100,0)) | N3: =IF(B3=0,"",IFERROR(COUNTIFS(Export!$E:$E,A3,Export!$H:$H,"Efectivo",Export!$M:$M,"<="&9)/B3*100,0)) | O3: =IF(B3=0,"",IFERROR(COUNTIFS(Export!$E:$E,A3,Export!$H:$H,"Efectivo",Export!$M:$M,"<="&10)/B3*100,0)) | P3: =IF(B3=0,"",IFERROR(COUNTIFS(Export!$E:$E,A3,Export!$H:$H,"Efectivo",Export!$M:$M,"<="&11)/B3*100,0)) | Q3: =IF(B3=0,"",IFERROR(COUNTIFS(Export!$E:$E,A3,Export!$H:$H,"Efectivo",Export!$M:$M,"<="&12)/B3*100,0)) | R3: =IF(B3=0,"",IFERROR(COUNTIFS(Export!$E:$E,A3,Export!$H:$H,"Efectivo",Export!$M:$M,"<="&13)/B3*100,0)) | S3: =IF(B3=0,"",IFERROR(COUNTIFS(Export!$E:$E,A3,Export!$H:$H,"Efectivo",Export!$M:$M,"<="&14)/B3*100,0)) | T3: =IF(B3=0,"",IFERROR(COUNTIFS(Export!$E:$E,A3,Export!$H:$H,"Efectivo",Export!$M:$M,"<="&15)/B3*100,0)) | U3: =IF(B3=0,"",IFERROR(COUNTIFS(Export!$E:$E,A3,Export!$H:$H,"Efectivo",Export!$M:$M,"<="&16)/B3*100,0)) | V3: =IF(B3=0,"",IFERROR(COUNTIFS(Export!$E:$E,A3,Export!$H:$H,"Efectivo",Export!$M:$M,"<="&17)/B3*100,0)) | W3: =IF(B3=0,"",IFERROR(COUNTIFS(Export!$E:$E,A3,Export!$H:$H,"Efectivo",Export!$M:$M,"<="&18)/B3*100,0)) | X3: =IF(B3=0,"",IFERROR(COUNTIFS(Export!$E:$E,A3,Export!$H:$H,"Efectivo",Export!$M:$M,"<="&19)/B3*100,0)) | Y3: =IF(B3=0,"",IFERROR(COUNTIFS(Export!$E:$E,A3,Export!$H:$H,"Efectivo",Export!$M:$M,"<="&20)/B3*100,0)) | Z3: =IF(B3=0,"",IFERROR(COUNTIFS(Export!$E:$E,A3,Export!$H:$H,"Efectivo",Export!$M:$M,"<="&21)/B3*100,0)) | AA3: =IF(B3=0,"",IFERROR(COUNTIFS(Export!$E:$E,A3,Export!$H:$H,"Efectivo",Export!$M:$M,"<="&22)/B3*100,0)) | AB3: =IF(B3=0,"",IFERROR(COUNTIFS(Export!$E:$E,A3,Export!$H:$H,"Efectivo",Export!$M:$M,"<="&23)/B3*100,0)) | AC3: =IF(B3=0,"",IFERROR(COUNTIFS(Export!$E:$E,A3,Export!$H:$H,"Efectivo",Export!$M:$M,"<="&24)/B3*100,0)) | AD3: =IF(B3=0,"",IFERROR(COUNTIFS(Export!$E:$E,A3,Export!$H:$H,"Efectivo",Export!$M:$M,"<="&25)/B3*100,0)) | AE3: =IF(B3=0,"",IFERROR(COUNTIFS(Export!$E:$E,A3,Export!$H:$H,"Efectivo",Export!$M:$M,"<="&26)/B3*100,0)) | AF3: =IF(B3=0,"",IFERROR(COUNTIFS(Export!$E:$E,A3,Export!$H:$H,"Efectivo",Export!$M:$M,"<="&27)/B3*100,0)) | AG3: =IF(B3=0,"",IFERROR(COUNTIFS(Export!$E:$E,A3,Export!$H:$H,"Efectivo",Export!$M:$M,"<="&28)/B3*100,0)) | AH3: =IF(B3=0,"",IFERROR(COUNTIFS(Export!$E:$E,A3,Export!$H:$H,"Efectivo",Export!$M:$M,"<="&29)/B3*100,0)) | AI3: =IF(B3=0,"",IFERROR(COUNTIFS(Export!$E:$E,A3,Export!$H:$H,"Efectivo",Export!$M:$M,"<="&30)/B3*100,0)) | AJ3: =IF(B3=0,"",IFERROR(COUNTIFS(Export!$E:$E,A3,Export!$H:$H,"Efectivo",Export!$M:$M,"<="&31)/B3*100,0)) | AK3: =IF(B3=0,"",IFERROR(COUNTIFS(Export!$E:$E,A3,Export!$H:$H,"Efectivo",Export!$M:$M,"<="&32)/B3*100,0)) | AL3: =IF(B3=0,"",IFERROR(COUNTIFS(Export!$E:$E,A3,Export!$H:$H,"Efectivo",Export!$M:$M,"<="&33)/B3*100,0)) | AM3: =IF(B3=0,"",IFERROR(COUNTIFS(Export!$E:$E,A3,Export!$H:$H,"Efectivo",Export!$M:$M,"<="&34)/B3*100,0)) | AN3: =IF(B3=0,"",IFERROR(COUNTIFS(Export!$E:$E,A3,Export!$H:$H,"Efectivo",Export!$M:$M,"<="&35)/B3*100,0)) | AO3: =IF(B3=0,"",IFERROR(COUNTIFS(Export!$E:$E,A3,Export!$H:$H,"Efectivo",Export!$M:$M,"<="&36)/B3*100,0))
A4: 02-2024 | B4: =IFERROR(COUNTIF(Export!$E:$E,A4),0) | C4: =IFERROR(VLOOKUP(A4,Originaciones!$A:$B,2,0),"") | D4: =IFERROR(VLOOKUP(A4,'Flota Activa'!$A:$B,2,0),"") | E4: =IF(B4=0,"",IFERROR(COUNTIFS(Export!$E:$E,A4,Export!$H:$H,"Efectivo",Export!$M:$M,"<="&0)/B4*100,0)) | F4: =IF(B4=0,"",IFERROR(COUNTIFS(Export!$E:$E,A4,Export!$H:$H,"Efectivo",Export!$M:$M,"<="&1)/B4*100,0)) | G4: =IF(B4=0,"",IFERROR(COUNTIFS(Export!$E:$E,A4,Export!$H:$H,"Efectivo",Export!$M:$M,"<="&2)/B4*100,0)) | H4: =IF(B4=0,"",IFERROR(COUNTIFS(Export!$E:$E,A4,Export!$H:$H,"Efectivo",Export!$M:$M,"<="&3)/B4*100,0)) | I4: =IF(B4=0,"",IFERROR(COUNTIFS(Export!$E:$E,A4,Export!$H:$H,"Efectivo",Export!$M:$M,"<="&4)/B4*100,0)) | J4: =IF(B4=0,"",IFERROR(COUNTIFS(Export!$E:$E,A4,Export!$H:$H,"Efectivo",Export!$M:$M,"<="&5)/B4*100,0)) | K4: =IF(B4=0,"",IFERROR(COUNTIFS(Export!$E:$E,A4,Export!$H:$H,"Efectivo",Export!$M:$M,"<="&6)/B4*100,0)) | L4: =IF(B4=0,"",IFERROR(COUNTIFS(Export!$E:$E,A4,Export!$H:$H,"Efectivo",Export!$M:$M,"<="&7)/B4*100,0)) | M4: =IF(B4=0,"",IFERROR(COUNTIFS(Export!$E:$E,A4,Export!$H:$H,"Efectivo",Export!$M:$M,"<="&8)/B4*100,0)) | N4: =IF(B4=0,"",IFERROR(COUNTIFS(Export!$E:$E,A4,Export!$H:$H,"Efectivo",Export!$M:$M,"<="&9)/B4*100,0)) | O4: =IF(B4=0,"",IFERROR(COUNTIFS(Export!$E:$E,A4,Export!$H:$H,"Efectivo",Export!$M:$M,"<="&10)/B4*100,0)) | P4: =IF(B4=0,"",IFERROR(COUNTIFS(Export!$E:$E,A4,Export!$H:$H,"Efectivo",Export!$M:$M,"<="&11)/B4*100,0)) | Q4: =IF(B4=0,"",IFERROR(COUNTIFS(Export!$E:$E,A4,Export!$H:$H,"Efectivo",Export!$M:$M,"<="&12)/B4*100,0)) | R4: =IF(B4=0,"",IFERROR(COUNTIFS(Export!$E:$E,A4,Export!$H:$H,"Efectivo",Export!$M:$M,"<="&13)/B4*100,0)) | S4: =IF(B4=0,"",IFERROR(COUNTIFS(Export!$E:$E,A4,Export!$H:$H,"Efectivo",Export!$M:$M,"<="&14)/B4*100,0)) | T4: =IF(B4=0,"",IFERROR(COUNTIFS(Export!$E:$E,A4,Export!$H:$H,"Efectivo",Export!$M:$M,"<="&15)/B4*100,0)) | U4: =IF(B4=0,"",IFERROR(COUNTIFS(Export!$E:$E,A4,Export!$H:$H,"Efectivo",Export!$M:$M,"<="&16)/B4*100,0)) | V4: =IF(B4=0,"",IFERROR(COUNTIFS(Export!$E:$E,A4,Export!$H:$H,"Efectivo",Export!$M:$M,"<="&17)/B4*100,0)) | W4: =IF(B4=0,"",IFERROR(COUNTIFS(Export!$E:$E,A4,Export!$H:$H,"Efectivo",Export!$M:$M,"<="&18)/B4*100,0)) | X4: =IF(B4=0,"",IFERROR(COUNTIFS(Export!$E:$E,A4,Export!$H:$H,"Efectivo",Export!$M:$M,"<="&19)/B4*100,0)) | Y4: =IF(B4=0,"",IFERROR(COUNTIFS(Export!$E:$E,A4,Export!$H:$H,"Efectivo",Export!$M:$M,"<="&20)/B4*100,0)) | Z4: =IF(B4=0,"",IFERROR(COUNTIFS(Export!$E:$E,A4,Export!$H:$H,"Efectivo",Export!$M:$M,"<="&21)/B4*100,0)) | AA4: =IF(B4=0,"",IFERROR(COUNTIFS(Export!$E:$E,A4,Export!$H:$H,"Efectivo",Export!$M:$M,"<="&22)/B4*100,0)) | AB4: =IF(B4=0,"",IFERROR(COUNTIFS(Export!$E:$E,A4,Export!$H:$H,"Efectivo",Export!$M:$M,"<="&23)/B4*100,0)) | AC4: =IF(B4=0,"",IFERROR(COUNTIFS(Export!$E:$E,A4,Export!$H:$H,"Efectivo",Export!$M:$M,"<="&24)/B4*100,0)) | AD4: =IF(B4=0,"",IFERROR(COUNTIFS(Export!$E:$E,A4,Export!$H:$H,"Efectivo",Export!$M:$M,"<="&25)/B4*100,0)) | AE4: =IF(B4=0,"",IFERROR(COUNTIFS(Export!$E:$E,A4,Export!$H:$H,"Efectivo",Export!$M:$M,"<="&26)/B4*100,0)) | AF4: =IF(B4=0,"",IFERROR(COUNTIFS(Export!$E:$E,A4,Export!$H:$H,"Efectivo",Export!$M:$M,"<="&27)/B4*100,0)) | AG4: =IF(B4=0,"",IFERROR(COUNTIFS(Export!$E:$E,A4,Export!$H:$H,"Efectivo",Export!$M:$M,"<="&28)/B4*100,0)) | AH4: =IF(B4=0,"",IFERROR(COUNTIFS(Export!$E:$E,A4,Export!$H:$H,"Efectivo",Export!$M:$M,"<="&29)/B4*100,0)) | AI4: =IF(B4=0,"",IFERROR(COUNTIFS(Export!$E:$E,A4,Export!$H:$H,"Efectivo",Export!$M:$M,"<="&30)/B4*100,0)) | AJ4: =IF(B4=0,"",IFERROR(COUNTIFS(Export!$E:$E,A4,Export!$H:$H,"Efectivo",Export!$M:$M,"<="&31)/B4*100,0)) | AK4: =IF(B4=0,"",IFERROR(COUNTIFS(Export!$E:$E,A4,Export!$H:$H,"Efectivo",Export!$M:$M,"<="&32)/B4*100,0)) | AL4: =IF(B4=0,"",IFERROR(COUNTIFS(Export!$E:$E,A4,Export!$H:$H,"Efectivo",Export!$M:$M,"<="&33)/B4*100,0)) | AM4: =IF(B4=0,"",IFERROR(COUNTIFS(Export!$E:$E,A4,Export!$H:$H,"Efectivo",Export!$M:$M,"<="&34)/B4*100,0)) | AN4: =IF(B4=0,"",IFERROR(COUNTIFS(Export!$E:$E,A4,Export!$H:$H,"Efectivo",Export!$M:$M,"<="&35)/B4*100,0)) | AO4: =IF(B4=0,"",IFERROR(COUNTIFS(Export!$E:$E,A4,Export!$H:$H,"Efectivo",Export!$M:$M,"<="&36)/B4*100,0))
A5: 03-2024 | B5: =IFERROR(COUNTIF(Export!$E:$E,A5),0) | C5: =IFERROR(VLOOKUP(A5,Originaciones!$A:$B,2,0),"") | D5: =IFERROR(VLOOKUP(A5,'Flota Activa'!$A:$B,2,0),"") | E5: =IF(B5=0,"",IFERROR(COUNTIFS(Export!$E:$E,A5,Export!$H:$H,"Efectivo",Export!$M:$M,"<="&0)/B5*100,0)) | F5: =IF(B5=0,"",IFERROR(COUNTIFS(Export!$E:$E,A5,Export!$H:$H,"Efectivo",Export!$M:$M,"<="&1)/B5*100,0)) | G5: =IF(B5=0,"",IFERROR(COUNTIFS(Export!$E:$E,A5,Export!$H:$H,"Efectivo",Export!$M:$M,"<="&2)/B5*100,0)) | H5: =IF(B5=0,"",IFERROR(COUNTIFS(Export!$E:$E,A5,Export!$H:$H,"Efectivo",Export!$M:$M,"<="&3)/B5*100,0)) | I5: =IF(B5=0,"",IFERROR(COUNTIFS(Export!$E:$E,A5,Export!$H:$H,"Efectivo",Export!$M:$M,"<="&4)/B5*100,0)) | J5: =IF(B5=0,"",IFERROR(COUNTIFS(Export!$E:$E,A5,Export!$H:$H,"Efectivo",Export!$M:$M,"<="&5)/B5*100,0)) | K5: =IF(B5=0,"",IFERROR(COUNTIFS(Export!$E:$E,A5,Export!$H:$H,"Efectivo",Export!$M:$M,"<="&6)/B5*100,0)) | L5: =IF(B5=0,"",IFERROR(COUNTIFS(Export!$E:$E,A5,Export!$H:$H,"Efectivo",Export!$M:$M,"<="&7)/B5*100,0)) | M5: =IF(B5=0,"",IFERROR(COUNTIFS(Export!$E:$E,A5,Export!$H:$H,"Efectivo",Export!$M:$M,"<="&8)/B5*100,0)) | N5: =IF(B5=0,"",IFERROR(COUNTIFS(Export!$E:$E,A5,Export!$H:$H,"Efectivo",Export!$M:$M,"<="&9)/B5*100,0)) | O5: =IF(B5=0,"",IFERROR(COUNTIFS(Export!$E:$E,A5,Export!$H:$H,"Efectivo",Export!$M:$M,"<="&10)/B5*100,0)) | P5: =IF(B5=0,"",IFERROR(COUNTIFS(Export!$E:$E,A5,Export!$H:$H,"Efectivo",Export!$M:$M,"<="&11)/B5*100,0)) | Q5: =IF(B5=0,"",IFERROR(COUNTIFS(Export!$E:$E,A5,Export!$H:$H,"Efectivo",Export!$M:$M,"<="&12)/B5*100,0)) | R5: =IF(B5=0,"",IFERROR(COUNTIFS(Export!$E:$E,A5,Export!$H:$H,"Efectivo",Export!$M:$M,"<="&13)/B5*100,0)) | S5: =IF(B5=0,"",IFERROR(COUNTIFS(Export!$E:$E,A5,Export!$H:$H,"Efectivo",Export!$M:$M,"<="&14)/B5*100,0)) | T5: =IF(B5=0,"",IFERROR(COUNTIFS(Export!$E:$E,A5,Export!$H:$H,"Efectivo",Export!$M:$M,"<="&15)/B5*100,0)) | U5: =IF(B5=0,"",IFERROR(COUNTIFS(Export!$E:$E,A5,Export!$H:$H,"Efectivo",Export!$M:$M,"<="&16)/B5*100,0)) | V5: =IF(B5=0,"",IFERROR(COUNTIFS(Export!$E:$E,A5,Export!$H:$H,"Efectivo",Export!$M:$M,"<="&17)/B5*100,0)) | W5: =IF(B5=0,"",IFERROR(COUNTIFS(Export!$E:$E,A5,Export!$H:$H,"Efectivo",Export!$M:$M,"<="&18)/B5*100,0)) | X5: =IF(B5=0,"",IFERROR(COUNTIFS(Export!$E:$E,A5,Export!$H:$H,"Efectivo",Export!$M:$M,"<="&19)/B5*100,0)) | Y5: =IF(B5=0,"",IFERROR(COUNTIFS(Export!$E:$E,A5,Export!$H:$H,"Efectivo",Export!$M:$M,"<="&20)/B5*100,0)) | Z5: =IF(B5=0,"",IFERROR(COUNTIFS(Export!$E:$E,A5,Export!$H:$H,"Efectivo",Export!$M:$M,"<="&21)/B5*100,0)) | AA5: =IF(B5=0,"",IFERROR(COUNTIFS(Export!$E:$E,A5,Export!$H:$H,"Efectivo",Export!$M:$M,"<="&22)/B5*100,0)) | AB5: =IF(B5=0,"",IFERROR(COUNTIFS(Export!$E:$E,A5,Export!$H:$H,"Efectivo",Export!$M:$M,"<="&23)/B5*100,0)) | AC5: =IF(B5=0,"",IFERROR(COUNTIFS(Export!$E:$E,A5,Export!$H:$H,"Efectivo",Export!$M:$M,"<="&24)/B5*100,0)) | AD5: =IF(B5=0,"",IFERROR(COUNTIFS(Export!$E:$E,A5,Export!$H:$H,"Efectivo",Export!$M:$M,"<="&25)/B5*100,0)) | AE5: =IF(B5=0,"",IFERROR(COUNTIFS(Export!$E:$E,A5,Export!$H:$H,"Efectivo",Export!$M:$M,"<="&26)/B5*100,0)) | AF5: =IF(B5=0,"",IFERROR(COUNTIFS(Export!$E:$E,A5,Export!$H:$H,"Efectivo",Export!$M:$M,"<="&27)/B5*100,0)) | AG5: =IF(B5=0,"",IFERROR(COUNTIFS(Export!$E:$E,A5,Export!$H:$H,"Efectivo",Export!$M:$M,"<="&28)/B5*100,0)) | AH5: =IF(B5=0,"",IFERROR(COUNTIFS(Export!$E:$E,A5,Export!$H:$H,"Efectivo",Export!$M:$M,"<="&29)/B5*100,0)) | AI5: =IF(B5=0,"",IFERROR(COUNTIFS(Export!$E:$E,A5,Export!$H:$H,"Efectivo",Export!$M:$M,"<="&30)/B5*100,0)) | AJ5: =IF(B5=0,"",IFERROR(COUNTIFS(Export!$E:$E,A5,Export!$H:$H,"Efectivo",Export!$M:$M,"<="&31)/B5*100,0)) | AK5: =IF(B5=0,"",IFERROR(COUNTIFS(Export!$E:$E,A5,Export!$H:$H,"Efectivo",Export!$M:$M,"<="&32)/B5*100,0)) | AL5: =IF(B5=0,"",IFERROR(COUNTIFS(Export!$E:$E,A5,Export!$H:$H,"Efectivo",Export!$M:$M,"<="&33)/B5*100,0)) | AM5: =IF(B5=0,"",IFERROR(COUNTIFS(Export!$E:$E,A5,Export!$H:$H,"Efectivo",Export!$M:$M,"<="&34)/B5*100,0)) | AN5: =IF(B5=0,"",IFERROR(COUNTIFS(Export!$E:$E,A5,Export!$H:$H,"Efectivo",Export!$M:$M,"<="&35)/B5*100,0)) | AO5: =IF(B5=0,"",IFERROR(COUNTIFS(Export!$E:$E,A5,Export!$H:$H,"Efectivo",Export!$M:$M,"<="&36)/B5*100,0))
A6: 04-2024 | B6: =IFERROR(COUNTIF(Export!$E:$E,A6),0) | C6: =IFERROR(VLOOKUP(A6,Originaciones!$A:$B,2,0),"") | D6: =IFERROR(VLOOKUP(A6,'Flota Activa'!$A:$B,2,0),"") | E6: =IF(B6=0,"",IFERROR(COUNTIFS(Export!$E:$E,A6,Export!$H:$H,"Efectivo",Export!$M:$M,"<="&0)/B6*100,0)) | F6: =IF(B6=0,"",IFERROR(COUNTIFS(Export!$E:$E,A6,Export!$H:$H,"Efectivo",Export!$M:$M,"<="&1)/B6*100,0)) | G6: =IF(B6=0,"",IFERROR(COUNTIFS(Export!$E:$E,A6,Export!$H:$H,"Efectivo",Export!$M:$M,"<="&2)/B6*100,0)) | H6: =IF(B6=0,"",IFERROR(COUNTIFS(Export!$E:$E,A6,Export!$H:$H,"Efectivo",Export!$M:$M,"<="&3)/B6*100,0)) | I6: =IF(B6=0,"",IFERROR(COUNTIFS(Export!$E:$E,A6,Export!$H:$H,"Efectivo",Export!$M:$M,"<="&4)/B6*100,0)) | J6: =IF(B6=0,"",IFERROR(COUNTIFS(Export!$E:$E,A6,Export!$H:$H,"Efectivo",Export!$M:$M,"<="&5)/B6*100,0)) | K6: =IF(B6=0,"",IFERROR(COUNTIFS(Export!$E:$E,A6,Export!$H:$H,"Efectivo",Export!$M:$M,"<="&6)/B6*100,0)) | L6: =IF(B6=0,"",IFERROR(COUNTIFS(Export!$E:$E,A6,Export!$H:$H,"Efectivo",Export!$M:$M,"<="&7)/B6*100,0)) | M6: =IF(B6=0,"",IFERROR(COUNTIFS(Export!$E:$E,A6,Export!$H:$H,"Efectivo",Export!$M:$M,"<="&8)/B6*100,0)) | N6: =IF(B6=0,"",IFERROR(COUNTIFS(Export!$E:$E,A6,Export!$H:$H,"Efectivo",Export!$M:$M,"<="&9)/B6*100,0)) | O6: =IF(B6=0,"",IFERROR(COUNTIFS(Export!$E:$E,A6,Export!$H:$H,"Efectivo",Export!$M:$M,"<="&10)/B6*100,0)) | P6: =IF(B6=0,"",IFERROR(COUNTIFS(Export!$E:$E,A6,Export!$H:$H,"Efectivo",Export!$M:$M,"<="&11)/B6*100,0)) | Q6: =IF(B6=0,"",IFERROR(COUNTIFS(Export!$E:$E,A6,Export!$H:$H,"Efectivo",Export!$M:$M,"<="&12)/B6*100,0)) | R6: =IF(B6=0,"",IFERROR(COUNTIFS(Export!$E:$E,A6,Export!$H:$H,"Efectivo",Export!$M:$M,"<="&13)/B6*100,0)) | S6: =IF(B6=0,"",IFERROR(COUNTIFS(Export!$E:$E,A6,Export!$H:$H,"Efectivo",Export!$M:$M,"<="&14)/B6*100,0)) | T6: =IF(B6=0,"",IFERROR(COUNTIFS(Export!$E:$E,A6,Export!$H:$H,"Efectivo",Export!$M:$M,"<="&15)/B6*100,0)) | U6: =IF(B6=0,"",IFERROR(COUNTIFS(Export!$E:$E,A6,Export!$H:$H,"Efectivo",Export!$M:$M,"<="&16)/B6*100,0)) | V6: =IF(B6=0,"",IFERROR(COUNTIFS(Export!$E:$E,A6,Export!$H:$H,"Efectivo",Export!$M:$M,"<="&17)/B6*100,0)) | W6: =IF(B6=0,"",IFERROR(COUNTIFS(Export!$E:$E,A6,Export!$H:$H,"Efectivo",Export!$M:$M,"<="&18)/B6*100,0)) | X6: =IF(B6=0,"",IFERROR(COUNTIFS(Export!$E:$E,A6,Export!$H:$H,"Efectivo",Export!$M:$M,"<="&19)/B6*100,0)) | Y6: =IF(B6=0,"",IFERROR(COUNTIFS(Export!$E:$E,A6,Export!$H:$H,"Efectivo",Export!$M:$M,"<="&20)/B6*100,0)) | Z6: =IF(B6=0,"",IFERROR(COUNTIFS(Export!$E:$E,A6,Export!$H:$H,"Efectivo",Export!$M:$M,"<="&21)/B6*100,0)) | AA6: =IF(B6=0,"",IFERROR(COUNTIFS(Export!$E:$E,A6,Export!$H:$H,"Efectivo",Export!$M:$M,"<="&22)/B6*100,0)) | AB6: =IF(B6=0,"",IFERROR(COUNTIFS(Export!$E:$E,A6,Export!$H:$H,"Efectivo",Export!$M:$M,"<="&23)/B6*100,0)) | AC6: =IF(B6=0,"",IFERROR(COUNTIFS(Export!$E:$E,A6,Export!$H:$H,"Efectivo",Export!$M:$M,"<="&24)/B6*100,0)) | AD6: =IF(B6=0,"",IFERROR(COUNTIFS(Export!$E:$E,A6,Export!$H:$H,"Efectivo",Export!$M:$M,"<="&25)/B6*100,0)) | AE6: =IF(B6=0,"",IFERROR(COUNTIFS(Export!$E:$E,A6,Export!$H:$H,"Efectivo",Export!$M:$M,"<="&26)/B6*100,0)) | AF6: =IF(B6=0,"",IFERROR(COUNTIFS(Export!$E:$E,A6,Export!$H:$H,"Efectivo",Export!$M:$M,"<="&27)/B6*100,0)) | AG6: =IF(B6=0,"",IFERROR(COUNTIFS(Export!$E:$E,A6,Export!$H:$H,"Efectivo",Export!$M:$M,"<="&28)/B6*100,0)) | AH6: =IF(B6=0,"",IFERROR(COUNTIFS(Export!$E:$E,A6,Export!$H:$H,"Efectivo",Export!$M:$M,"<="&29)/B6*100,0)) | AI6: =IF(B6=0,"",IFERROR(COUNTIFS(Export!$E:$E,A6,Export!$H:$H,"Efectivo",Export!$M:$M,"<="&30)/B6*100,0)) | AJ6: =IF(B6=0,"",IFERROR(COUNTIFS(Export!$E:$E,A6,Export!$H:$H,"Efectivo",Export!$M:$M,"<="&31)/B6*100,0)) | AK6: =IF(B6=0,"",IFERROR(COUNTIFS(Export!$E:$E,A6,Export!$H:$H,"Efectivo",Export!$M:$M,"<="&32)/B6*100,0)) | AL6: =IF(B6=0,"",IFERROR(COUNTIFS(Export!$E:$E,A6,Export!$H:$H,"Efectivo",Export!$M:$M,"<="&33)/B6*100,0)) | AM6: =IF(B6=0,"",IFERROR(COUNTIFS(Export!$E:$E,A6,Export!$H:$H,"Efectivo",Export!$M:$M,"<="&34)/B6*100,0)) | AN6: =IF(B6=0,"",IFERROR(COUNTIFS(Export!$E:$E,A6,Export!$H:$H,"Efectivo",Export!$M:$M,"<="&35)/B6*100,0)) | AO6: =IF(B6=0,"",IFERROR(COUNTIFS(Export!$E:$E,A6,Export!$H:$H,"Efectivo",Export!$M:$M,"<="&36)/B6*100,0))
A7: 05-2024 | B7: =IFERROR(COUNTIF(Export!$E:$E,A7),0) | C7: =IFERROR(VLOOKUP(A7,Originaciones!$A:$B,2,0),"") | D7: =IFERROR(VLOOKUP(A7,'Flota Activa'!$A:$B,2,0),"") | E7: =IF(B7=0,"",IFERROR(COUNTIFS(Export!$E:$E,A7,Export!$H:$H,"Efectivo",Export!$M:$M,"<="&0)/B7*100,0)) | F7: =IF(B7=0,"",IFERROR(COUNTIFS(Export!$E:$E,A7,Export!$H:$H,"Efectivo",Export!$M:$M,"<="&1)/B7*100,0)) | G7: =IF(B7=0,"",IFERROR(COUNTIFS(Export!$E:$E,A7,Export!$H:$H,"Efectivo",Export!$M:$M,"<="&2)/B7*100,0)) | H7: =IF(B7=0,"",IFERROR(COUNTIFS(Export!$E:$E,A7,Export!$H:$H,"Efectivo",Export!$M:$M,"<="&3)/B7*100,0)) | I7: =IF(B7=0,"",IFERROR(COUNTIFS(Export!$E:$E,A7,Export!$H:$H,"Efectivo",Export!$M:$M,"<="&4)/B7*100,0)) | J7: =IF(B7=0,"",IFERROR(COUNTIFS(Export!$E:$E,A7,Export!$H:$H,"Efectivo",Export!$M:$M,"<="&5)/B7*100,0)) | K7: =IF(B7=0,"",IFERROR(COUNTIFS(Export!$E:$E,A7,Export!$H:$H,"Efectivo",Export!$M:$M,"<="&6)/B7*100,0)) | L7: =IF(B7=0,"",IFERROR(COUNTIFS(Export!$E:$E,A7,Export!$H:$H,"Efectivo",Export!$M:$M,"<="&7)/B7*100,0)) | M7: =IF(B7=0,"",IFERROR(COUNTIFS(Export!$E:$E,A7,Export!$H:$H,"Efectivo",Export!$M:$M,"<="&8)/B7*100,0)) | N7: =IF(B7=0,"",IFERROR(COUNTIFS(Export!$E:$E,A7,Export!$H:$H,"Efectivo",Export!$M:$M,"<="&9)/B7*100,0)) | O7: =IF(B7=0,"",IFERROR(COUNTIFS(Export!$E:$E,A7,Export!$H:$H,"Efectivo",Export!$M:$M,"<="&10)/B7*100,0)) | P7: =IF(B7=0,"",IFERROR(COUNTIFS(Export!$E:$E,A7,Export!$H:$H,"Efectivo",Export!$M:$M,"<="&11)/B7*100,0)) | Q7: =IF(B7=0,"",IFERROR(COUNTIFS(Export!$E:$E,A7,Export!$H:$H,"Efectivo",Export!$M:$M,"<="&12)/B7*100,0)) | R7: =IF(B7=0,"",IFERROR(COUNTIFS(Export!$E:$E,A7,Export!$H:$H,"Efectivo",Export!$M:$M,"<="&13)/B7*100,0)) | S7: =IF(B7=0,"",IFERROR(COUNTIFS(Export!$E:$E,A7,Export!$H:$H,"Efectivo",Export!$M:$M,"<="&14)/B7*100,0)) | T7: =IF(B7=0,"",IFERROR(COUNTIFS(Export!$E:$E,A7,Export!$H:$H,"Efectivo",Export!$M:$M,"<="&15)/B7*100,0)) | U7: =IF(B7=0,"",IFERROR(COUNTIFS(Export!$E:$E,A7,Export!$H:$H,"Efectivo",Export!$M:$M,"<="&16)/B7*100,0)) | V7: =IF(B7=0,"",IFERROR(COUNTIFS(Export!$E:$E,A7,Export!$H:$H,"Efectivo",Export!$M:$M,"<="&17)/B7*100,0)) | W7: =IF(B7=0,"",IFERROR(COUNTIFS(Export!$E:$E,A7,Export!$H:$H,"Efectivo",Export!$M:$M,"<="&18)/B7*100,0)) | X7: =IF(B7=0,"",IFERROR(COUNTIFS(Export!$E:$E,A7,Export!$H:$H,"Efectivo",Export!$M:$M,"<="&19)/B7*100,0)) | Y7: =IF(B7=0,"",IFERROR(COUNTIFS(Export!$E:$E,A7,Export!$H:$H,"Efectivo",Export!$M:$M,"<="&20)/B7*100,0)) | Z7: =IF(B7=0,"",IFERROR(COUNTIFS(Export!$E:$E,A7,Export!$H:$H,"Efectivo",Export!$M:$M,"<="&21)/B7*100,0)) | AA7: =IF(B7=0,"",IFERROR(COUNTIFS(Export!$E:$E,A7,Export!$H:$H,"Efectivo",Export!$M:$M,"<="&22)/B7*100,0)) | AB7: =IF(B7=0,"",IFERROR(COUNTIFS(Export!$E:$E,A7,Export!$H:$H,"Efectivo",Export!$M:$M,"<="&23)/B7*100,0)) | AC7: =IF(B7=0,"",IFERROR(COUNTIFS(Export!$E:$E,A7,Export!$H:$H,"Efectivo",Export!$M:$M,"<="&24)/B7*100,0)) | AD7: =IF(B7=0,"",IFERROR(COUNTIFS(Export!$E:$E,A7,Export!$H:$H,"Efectivo",Export!$M:$M,"<="&25)/B7*100,0)) | AE7: =IF(B7=0,"",IFERROR(COUNTIFS(Export!$E:$E,A7,Export!$H:$H,"Efectivo",Export!$M:$M,"<="&26)/B7*100,0)) | AF7: =IF(B7=0,"",IFERROR(COUNTIFS(Export!$E:$E,A7,Export!$H:$H,"Efectivo",Export!$M:$M,"<="&27)/B7*100,0)) | AG7: =IF(B7=0,"",IFERROR(COUNTIFS(Export!$E:$E,A7,Export!$H:$H,"Efectivo",Export!$M:$M,"<="&28)/B7*100,0)) | AH7: =IF(B7=0,"",IFERROR(COUNTIFS(Export!$E:$E,A7,Export!$H:$H,"Efectivo",Export!$M:$M,"<="&29)/B7*100,0)) | AI7: =IF(B7=0,"",IFERROR(COUNTIFS(Export!$E:$E,A7,Export!$H:$H,"Efectivo",Export!$M:$M,"<="&30)/B7*100,0)) | AJ7: =IF(B7=0,"",IFERROR(COUNTIFS(Export!$E:$E,A7,Export!$H:$H,"Efectivo",Export!$M:$M,"<="&31)/B7*100,0)) | AK7: =IF(B7=0,"",IFERROR(COUNTIFS(Export!$E:$E,A7,Export!$H:$H,"Efectivo",Export!$M:$M,"<="&32)/B7*100,0)) | AL7: =IF(B7=0,"",IFERROR(COUNTIFS(Export!$E:$E,A7,Export!$H:$H,"Efectivo",Export!$M:$M,"<="&33)/B7*100,0)) | AM7: =IF(B7=0,"",IFERROR(COUNTIFS(Export!$E:$E,A7,Export!$H:$H,"Efectivo",Export!$M:$M,"<="&34)/B7*100,0)) | AN7: =IF(B7=0,"",IFERROR(COUNTIFS(Export!$E:$E,A7,Export!$H:$H,"Efectivo",Export!$M:$M,"<="&35)/B7*100,0)) | AO7: =IF(B7=0,"",IFERROR(COUNTIFS(Export!$E:$E,A7,Export!$H:$H,"Efectivo",Export!$M:$M,"<="&36)/B7*100,0))
A8: 06-2024 | B8: =IFERROR(COUNTIF(Export!$E:$E,A8),0) | C8: =IFERROR(VLOOKUP(A8,Originaciones!$A:$B,2,0),"") | D8: =IFERROR(VLOOKUP(A8,'Flota Activa'!$A:$B,2,0),"") | E8: =IF(B8=0,"",IFERROR(COUNTIFS(Export!$E:$E,A8,Export!$H:$H,"Efectivo",Export!$M:$M,"<="&0)/B8*100,0)) | F8: =IF(B8=0,"",IFERROR(COUNTIFS(Export!$E:$E,A8,Export!$H:$H,"Efectivo",Export!$M:$M,"<="&1)/B8*100,0)) | G8: =IF(B8=0,"",IFERROR(COUNTIFS(Export!$E:$E,A8,Export!$H:$H,"Efectivo",Export!$M:$M,"<="&2)/B8*100,0)) | H8: =IF(B8=0,"",IFERROR(COUNTIFS(Export!$E:$E,A8,Export!$H:$H,"Efectivo",Export!$M:$M,"<="&3)/B8*100,0)) | I8: =IF(B8=0,"",IFERROR(COUNTIFS(Export!$E:$E,A8,Export!$H:$H,"Efectivo",Export!$M:$M,"<="&4)/B8*100,0)) | J8: =IF(B8=0,"",IFERROR(COUNTIFS(Export!$E:$E,A8,Export!$H:$H,"Efectivo",Export!$M:$M,"<="&5)/B8*100,0)) | K8: =IF(B8=0,"",IFERROR(COUNTIFS(Export!$E:$E,A8,Export!$H:$H,"Efectivo",Export!$M:$M,"<="&6)/B8*100,0)) | L8: =IF(B8=0,"",IFERROR(COUNTIFS(Export!$E:$E,A8,Export!$H:$H,"Efectivo",Export!$M:$M,"<="&7)/B8*100,0)) | M8: =IF(B8=0,"",IFERROR(COUNTIFS(Export!$E:$E,A8,Export!$H:$H,"Efectivo",Export!$M:$M,"<="&8)/B8*100,0)) | N8: =IF(B8=0,"",IFERROR(COUNTIFS(Export!$E:$E,A8,Export!$H:$H,"Efectivo",Export!$M:$M,"<="&9)/B8*100,0)) | O8: =IF(B8=0,"",IFERROR(COUNTIFS(Export!$E:$E,A8,Export!$H:$H,"Efectivo",Export!$M:$M,"<="&10)/B8*100,0)) | P8: =IF(B8=0,"",IFERROR(COUNTIFS(Export!$E:$E,A8,Export!$H:$H,"Efectivo",Export!$M:$M,"<="&11)/B8*100,0)) | Q8: =IF(B8=0,"",IFERROR(COUNTIFS(Export!$E:$E,A8,Export!$H:$H,"Efectivo",Export!$M:$M,"<="&12)/B8*100,0)) | R8: =IF(B8=0,"",IFERROR(COUNTIFS(Export!$E:$E,A8,Export!$H:$H,"Efectivo",Export!$M:$M,"<="&13)/B8*100,0)) | S8: =IF(B8=0,"",IFERROR(COUNTIFS(Export!$E:$E,A8,Export!$H:$H,"Efectivo",Export!$M:$M,"<="&14)/B8*100,0)) | T8: =IF(B8=0,"",IFERROR(COUNTIFS(Export!$E:$E,A8,Export!$H:$H,"Efectivo",Export!$M:$M,"<="&15)/B8*100,0)) | U8: =IF(B8=0,"",IFERROR(COUNTIFS(Export!$E:$E,A8,Export!$H:$H,"Efectivo",Export!$M:$M,"<="&16)/B8*100,0)) | V8: =IF(B8=0,"",IFERROR(COUNTIFS(Export!$E:$E,A8,Export!$H:$H,"Efectivo",Export!$M:$M,"<="&17)/B8*100,0)) | W8: =IF(B8=0,"",IFERROR(COUNTIFS(Export!$E:$E,A8,Export!$H:$H,"Efectivo",Export!$M:$M,"<="&18)/B8*100,0)) | X8: =IF(B8=0,"",IFERROR(COUNTIFS(Export!$E:$E,A8,Export!$H:$H,"Efectivo",Export!$M:$M,"<="&19)/B8*100,0)) | Y8: =IF(B8=0,"",IFERROR(COUNTIFS(Export!$E:$E,A8,Export!$H:$H,"Efectivo",Export!$M:$M,"<="&20)/B8*100,0)) | Z8: =IF(B8=0,"",IFERROR(COUNTIFS(Export!$E:$E,A8,Export!$H:$H,"Efectivo",Export!$M:$M,"<="&21)/B8*100,0)) | AA8: =IF(B8=0,"",IFERROR(COUNTIFS(Export!$E:$E,A8,Export!$H:$H,"Efectivo",Export!$M:$M,"<="&22)/B8*100,0)) | AB8: =IF(B8=0,"",IFERROR(COUNTIFS(Export!$E:$E,A8,Export!$H:$H,"Efectivo",Export!$M:$M,"<="&23)/B8*100,0)) | AC8: =IF(B8=0,"",IFERROR(COUNTIFS(Export!$E:$E,A8,Export!$H:$H,"Efectivo",Export!$M:$M,"<="&24)/B8*100,0)) | AD8: =IF(B8=0,"",IFERROR(COUNTIFS(Export!$E:$E,A8,Export!$H:$H,"Efectivo",Export!$M:$M,"<="&25)/B8*100,0)) | AE8: =IF(B8=0,"",IFERROR(COUNTIFS(Export!$E:$E,A8,Export!$H:$H,"Efectivo",Export!$M:$M,"<="&26)/B8*100,0)) | AF8: =IF(B8=0,"",IFERROR(COUNTIFS(Export!$E:$E,A8,Export!$H:$H,"Efectivo",Export!$M:$M,"<="&27)/B8*100,0)) | AG8: =IF(B8=0,"",IFERROR(COUNTIFS(Export!$E:$E,A8,Export!$H:$H,"Efectivo",Export!$M:$M,"<="&28)/B8*100,0)) | AH8: =IF(B8=0,"",IFERROR(COUNTIFS(Export!$E:$E,A8,Export!$H:$H,"Efectivo",Export!$M:$M,"<="&29)/B8*100,0)) | AI8: =IF(B8=0,"",IFERROR(COUNTIFS(Export!$E:$E,A8,Export!$H:$H,"Efectivo",Export!$M:$M,"<="&30)/B8*100,0)) | AJ8: =IF(B8=0,"",IFERROR(COUNTIFS(Export!$E:$E,A8,Export!$H:$H,"Efectivo",Export!$M:$M,"<="&31)/B8*100,0)) | AK8: =IF(B8=0,"",IFERROR(COUNTIFS(Export!$E:$E,A8,Export!$H:$H,"Efectivo",Export!$M:$M,"<="&32)/B8*100,0)) | AL8: =IF(B8=0,"",IFERROR(COUNTIFS(Export!$E:$E,A8,Export!$H:$H,"Efectivo",Export!$M:$M,"<="&33)/B8*100,0)) | AM8: =IF(B8=0,"",IFERROR(COUNTIFS(Export!$E:$E,A8,Export!$H:$H,"Efectivo",Export!$M:$M,"<="&34)/B8*100,0)) | AN8: =IF(B8=0,"",IFERROR(COUNTIFS(Export!$E:$E,A8,Export!$H:$H,"Efectivo",Export!$M:$M,"<="&35)/B8*100,0)) | AO8: =IF(B8=0,"",IFERROR(COUNTIFS(Export!$E:$E,A8,Export!$H:$H,"Efectivo",Export!$M:$M,"<="&36)/B8*100,0))
A9: 07-2024 | B9: =IFERROR(COUNTIF(Export!$E:$E,A9),0) | C9: =IFERROR(VLOOKUP(A9,Originaciones!$A:$B,2,0),"") | D9: =IFERROR(VLOOKUP(A9,'Flota Activa'!$A:$B,2,0),"") | E9: =IF(B9=0,"",IFERROR(COUNTIFS(Export!$E:$E,A9,Export!$H:$H,"Efectivo",Export!$M:$M,"<="&0)/B9*100,0)) | F9: =IF(B9=0,"",IFERROR(COUNTIFS(Export!$E:$E,A9,Export!$H:$H,"Efectivo",Export!$M:$M,"<="&1)/B9*100,0)) | G9: =IF(B9=0,"",IFERROR(COUNTIFS(Export!$E:$E,A9,Export!$H:$H,"Efectivo",Export!$M:$M,"<="&2)/B9*100,0)) | H9: =IF(B9=0,"",IFERROR(COUNTIFS(Export!$E:$E,A9,Export!$H:$H,"Efectivo",Export!$M:$M,"<="&3)/B9*100,0)) | I9: =IF(B9=0,"",IFERROR(COUNTIFS(Export!$E:$E,A9,Export!$H:$H,"Efectivo",Export!$M:$M,"<="&4)/B9*100,0)) | J9: =IF(B9=0,"",IFERROR(COUNTIFS(Export!$E:$E,A9,Export!$H:$H,"Efectivo",Export!$M:$M,"<="&5)/B9*100,0)) | K9: =IF(B9=0,"",IFERROR(COUNTIFS(Export!$E:$E,A9,Export!$H:$H,"Efectivo",Export!$M:$M,"<="&6)/B9*100,0)) | L9: =IF(B9=0,"",IFERROR(COUNTIFS(Export!$E:$E,A9,Export!$H:$H,"Efectivo",Export!$M:$M,"<="&7)/B9*100,0)) | M9: =IF(B9=0,"",IFERROR(COUNTIFS(Export!$E:$E,A9,Export!$H:$H,"Efectivo",Export!$M:$M,"<="&8)/B9*100,0)) | N9: =IF(B9=0,"",IFERROR(COUNTIFS(Export!$E:$E,A9,Export!$H:$H,"Efectivo",Export!$M:$M,"<="&9)/B9*100,0)) | O9: =IF(B9=0,"",IFERROR(COUNTIFS(Export!$E:$E,A9,Export!$H:$H,"Efectivo",Export!$M:$M,"<="&10)/B9*100,0)) | P9: =IF(B9=0,"",IFERROR(COUNTIFS(Export!$E:$E,A9,Export!$H:$H,"Efectivo",Export!$M:$M,"<="&11)/B9*100,0)) | Q9: =IF(B9=0,"",IFERROR(COUNTIFS(Export!$E:$E,A9,Export!$H:$H,"Efectivo",Export!$M:$M,"<="&12)/B9*100,0)) | R9: =IF(B9=0,"",IFERROR(COUNTIFS(Export!$E:$E,A9,Export!$H:$H,"Efectivo",Export!$M:$M,"<="&13)/B9*100,0)) | S9: =IF(B9=0,"",IFERROR(COUNTIFS(Export!$E:$E,A9,Export!$H:$H,"Efectivo",Export!$M:$M,"<="&14)/B9*100,0)) | T9: =IF(B9=0,"",IFERROR(COUNTIFS(Export!$E:$E,A9,Export!$H:$H,"Efectivo",Export!$M:$M,"<="&15)/B9*100,0)) | U9: =IF(B9=0,"",IFERROR(COUNTIFS(Export!$E:$E,A9,Export!$H:$H,"Efectivo",Export!$M:$M,"<="&16)/B9*100,0)) | V9: =IF(B9=0,"",IFERROR(COUNTIFS(Export!$E:$E,A9,Export!$H:$H,"Efectivo",Export!$M:$M,"<="&17)/B9*100,0)) | W9: =IF(B9=0,"",IFERROR(COUNTIFS(Export!$E:$E,A9,Export!$H:$H,"Efectivo",Export!$M:$M,"<="&18)/B9*100,0)) | X9: =IF(B9=0,"",IFERROR(COUNTIFS(Export!$E:$E,A9,Export!$H:$H,"Efectivo",Export!$M:$M,"<="&19)/B9*100,0)) | Y9: =IF(B9=0,"",IFERROR(COUNTIFS(Export!$E:$E,A9,Export!$H:$H,"Efectivo",Export!$M:$M,"<="&20)/B9*100,0)) | Z9: =IF(B9=0,"",IFERROR(COUNTIFS(Export!$E:$E,A9,Export!$H:$H,"Efectivo",Export!$M:$M,"<="&21)/B9*100,0)) | AA9: =IF(B9=0,"",IFERROR(COUNTIFS(Export!$E:$E,A9,Export!$H:$H,"Efectivo",Export!$M:$M,"<="&22)/B9*100,0)) | AB9: =IF(B9=0,"",IFERROR(COUNTIFS(Export!$E:$E,A9,Export!$H:$H,"Efectivo",Export!$M:$M,"<="&23)/B9*100,0)) | AC9: =IF(B9=0,"",IFERROR(COUNTIFS(Export!$E:$E,A9,Export!$H:$H,"Efectivo",Export!$M:$M,"<="&24)/B9*100,0)) | AD9: =IF(B9=0,"",IFERROR(COUNTIFS(Export!$E:$E,A9,Export!$H:$H,"Efectivo",Export!$M:$M,"<="&25)/B9*100,0)) | AE9: =IF(B9=0,"",IFERROR(COUNTIFS(Export!$E:$E,A9,Export!$H:$H,"Efectivo",Export!$M:$M,"<="&26)/B9*100,0)) | AF9: =IF(B9=0,"",IFERROR(COUNTIFS(Export!$E:$E,A9,Export!$H:$H,"Efectivo",Export!$M:$M,"<="&27)/B9*100,0)) | AG9: =IF(B9=0,"",IFERROR(COUNTIFS(Export!$E:$E,A9,Export!$H:$H,"Efectivo",Export!$M:$M,"<="&28)/B9*100,0)) | AH9: =IF(B9=0,"",IFERROR(COUNTIFS(Export!$E:$E,A9,Export!$H:$H,"Efectivo",Export!$M:$M,"<="&29)/B9*100,0)) | AI9: =IF(B9=0,"",IFERROR(COUNTIFS(Export!$E:$E,A9,Export!$H:$H,"Efectivo",Export!$M:$M,"<="&30)/B9*100,0)) | AJ9: =IF(B9=0,"",IFERROR(COUNTIFS(Export!$E:$E,A9,Export!$H:$H,"Efectivo",Export!$M:$M,"<="&31)/B9*100,0)) | AK9: =IF(B9=0,"",IFERROR(COUNTIFS(Export!$E:$E,A9,Export!$H:$H,"Efectivo",Export!$M:$M,"<="&32)/B9*100,0)) | AL9: =IF(B9=0,"",IFERROR(COUNTIFS(Export!$E:$E,A9,Export!$H:$H,"Efectivo",Export!$M:$M,"<="&33)/B9*100,0)) | AM9: =IF(B9=0,"",IFERROR(COUNTIFS(Export!$E:$E,A9,Export!$H:$H,"Efectivo",Export!$M:$M,"<="&34)/B9*100,0)) | AN9: =IF(B9=0,"",IFERROR(COUNTIFS(Export!$E:$E,A9,Export!$H:$H,"Efectivo",Export!$M:$M,"<="&35)/B9*100,0)) | AO9: =IF(B9=0,"",IFERROR(COUNTIFS(Export!$E:$E,A9,Export!$H:$H,"Efectivo",Export!$M:$M,"<="&36)/B9*100,0))
A10: 08-2024 | B10: =IFERROR(COUNTIF(Export!$E:$E,A10),0) | C10: =IFERROR(VLOOKUP(A10,Originaciones!$A:$B,2,0),"") | D10: =IFERROR(VLOOKUP(A10,'Flota Activa'!$A:$B,2,0),"") | E10: =IF(B10=0,"",IFERROR(COUNTIFS(Export!$E:$E,A10,Export!$H:$H,"Efectivo",Export!$M:$M,"<="&0)/B10*100,0)) | F10: =IF(B10=0,"",IFERROR(COUNTIFS(Export!$E:$E,A10,Export!$H:$H,"Efectivo",Export!$M:$M,"<="&1)/B10*100,0)) | G10: =IF(B10=0,"",IFERROR(COUNTIFS(Export!$E:$E,A10,Export!$H:$H,"Efectivo",Export!$M:$M,"<="&2)/B10*100,0)) | H10: =IF(B10=0,"",IFERROR(COUNTIFS(Export!$E:$E,A10,Export!$H:$H,"Efectivo",Export!$M:$M,"<="&3)/B10*100,0)) | I10: =IF(B10=0,"",IFERROR(COUNTIFS(Export!$E:$E,A10,Export!$H:$H,"Efectivo",Export!$M:$M,"<="&4)/B10*100,0)) | J10: =IF(B10=0,"",IFERROR(COUNTIFS(Export!$E:$E,A10,Export!$H:$H,"Efectivo",Export!$M:$M,"<="&5)/B10*100,0)) | K10: =IF(B10=0,"",IFERROR(COUNTIFS(Export!$E:$E,A10,Export!$H:$H,"Efectivo",Export!$M:$M,"<="&6)/B10*100,0)) | L10: =IF(B10=0,"",IFERROR(COUNTIFS(Export!$E:$E,A10,Export!$H:$H,"Efectivo",Export!$M:$M,"<="&7)/B10*100,0)) | M10: =IF(B10=0,"",IFERROR(COUNTIFS(Export!$E:$E,A10,Export!$H:$H,"Efectivo",Export!$M:$M,"<="&8)/B10*100,0)) | N10: =IF(B10=0,"",IFERROR(COUNTIFS(Export!$E:$E,A10,Export!$H:$H,"Efectivo",Export!$M:$M,"<="&9)/B10*100,0)) | O10: =IF(B10=0,"",IFERROR(COUNTIFS(Export!$E:$E,A10,Export!$H:$H,"Efectivo",Export!$M:$M,"<="&10)/B10*100,0)) | P10: =IF(B10=0,"",IFERROR(COUNTIFS(Export!$E:$E,A10,Export!$H:$H,"Efectivo",Export!$M:$M,"<="&11)/B10*100,0)) | Q10: =IF(B10=0,"",IFERROR(COUNTIFS(Export!$E:$E,A10,Export!$H:$H,"Efectivo",Export!$M:$M,"<="&12)/B10*100,0)) | R10: =IF(B10=0,"",IFERROR(COUNTIFS(Export!$E:$E,A10,Export!$H:$H,"Efectivo",Export!$M:$M,"<="&13)/B10*100,0)) | S10: =IF(B10=0,"",IFERROR(COUNTIFS(Export!$E:$E,A10,Export!$H:$H,"Efectivo",Export!$M:$M,"<="&14)/B10*100,0)) | T10: =IF(B10=0,"",IFERROR(COUNTIFS(Export!$E:$E,A10,Export!$H:$H,"Efectivo",Export!$M:$M,"<="&15)/B10*100,0)) | U10: =IF(B10=0,"",IFERROR(COUNTIFS(Export!$E:$E,A10,Export!$H:$H,"Efectivo",Export!$M:$M,"<="&16)/B10*100,0)) | V10: =IF(B10=0,"",IFERROR(COUNTIFS(Export!$E:$E,A10,Export!$H:$H,"Efectivo",Export!$M:$M,"<="&17)/B10*100,0)) | W10: =IF(B10=0,"",IFERROR(COUNTIFS(Export!$E:$E,A10,Export!$H:$H,"Efectivo",Export!$M:$M,"<="&18)/B10*100,0)) | X10: =IF(B10=0,"",IFERROR(COUNTIFS(Export!$E:$E,A10,Export!$H:$H,"Efectivo",Export!$M:$M,"<="&19)/B10*100,0)) | Y10: =IF(B10=0,"",IFERROR(COUNTIFS(Export!$E:$E,A10,Export!$H:$H,"Efectivo",Export!$M:$M,"<="&20)/B10*100,0)) | Z10: =IF(B10=0,"",IFERROR(COUNTIFS(Export!$E:$E,A10,Export!$H:$H,"Efectivo",Export!$M:$M,"<="&21)/B10*100,0)) | AA10: =IF(B10=0,"",IFERROR(COUNTIFS(Export!$E:$E,A10,Export!$H:$H,"Efectivo",Export!$M:$M,"<="&22)/B10*100,0)) | AB10: =IF(B10=0,"",IFERROR(COUNTIFS(Export!$E:$E,A10,Export!$H:$H,"Efectivo",Export!$M:$M,"<="&23)/B10*100,0)) | AC10: =IF(B10=0,"",IFERROR(COUNTIFS(Export!$E:$E,A10,Export!$H:$H,"Efectivo",Export!$M:$M,"<="&24)/B10*100,0)) | AD10: =IF(B10=0,"",IFERROR(COUNTIFS(Export!$E:$E,A10,Export!$H:$H,"Efectivo",Export!$M:$M,"<="&25)/B10*100,0)) | AE10: =IF(B10=0,"",IFERROR(COUNTIFS(Export!$E:$E,A10,Export!$H:$H,"Efectivo",Export!$M:$M,"<="&26)/B10*100,0)) | AF10: =IF(B10=0,"",IFERROR(COUNTIFS(Export!$E:$E,A10,Export!$H:$H,"Efectivo",Export!$M:$M,"<="&27)/B10*100,0)) | AG10: =IF(B10=0,"",IFERROR(COUNTIFS(Export!$E:$E,A10,Export!$H:$H,"Efectivo",Export!$M:$M,"<="&28)/B10*100,0)) | AH10: =IF(B10=0,"",IFERROR(COUNTIFS(Export!$E:$E,A10,Export!$H:$H,"Efectivo",Export!$M:$M,"<="&29)/B10*100,0)) | AI10: =IF(B10=0,"",IFERROR(COUNTIFS(Export!$E:$E,A10,Export!$H:$H,"Efectivo",Export!$M:$M,"<="&30)/B10*100,0)) | AJ10: =IF(B10=0,"",IFERROR(COUNTIFS(Export!$E:$E,A10,Export!$H:$H,"Efectivo",Export!$M:$M,"<="&31)/B10*100,0)) | AK10: =IF(B10=0,"",IFERROR(COUNTIFS(Export!$E:$E,A10,Export!$H:$H,"Efectivo",Export!$M:$M,"<="&32)/B10*100,0)) | AL10: =IF(B10=0,"",IFERROR(COUNTIFS(Export!$E:$E,A10,Export!$H:$H,"Efectivo",Export!$M:$M,"<="&33)/B10*100,0)) | AM10: =IF(B10=0,"",IFERROR(COUNTIFS(Export!$E:$E,A10,Export!$H:$H,"Efectivo",Export!$M:$M,"<="&34)/B10*100,0)) | AN10: =IF(B10=0,"",IFERROR(COUNTIFS(Export!$E:$E,A10,Export!$H:$H,"Efectivo",Export!$M:$M,"<="&35)/B10*100,0)) | AO10: =IF(B10=0,"",IFERROR(COUNTIFS(Export!$E:$E,A10,Export!$H:$H,"Efectivo",Export!$M:$M,"<="&36)/B10*100,0))
A11: 09-2024 | B11: =IFERROR(COUNTIF(Export!$E:$E,A11),0) | C11: =IFERROR(VLOOKUP(A11,Originaciones!$A:$B,2,0),"") | D11: =IFERROR(VLOOKUP(A11,'Flota Activa'!$A:$B,2,0),"") | E11: =IF(B11=0,"",IFERROR(COUNTIFS(Export!$E:$E,A11,Export!$H:$H,"Efectivo",Export!$M:$M,"<="&0)/B11*100,0)) | F11: =IF(B11=0,"",IFERROR(COUNTIFS(Export!$E:$E,A11,Export!$H:$H,"Efectivo",Export!$M:$M,"<="&1)/B11*100,0)) | G11: =IF(B11=0,"",IFERROR(COUNTIFS(Export!$E:$E,A11,Export!$H:$H,"Efectivo",Export!$M:$M,"<="&2)/B11*100,0)) | H11: =IF(B11=0,"",IFERROR(COUNTIFS(Export!$E:$E,A11,Export!$H:$H,"Efectivo",Export!$M:$M,"<="&3)/B11*100,0)) | I11: =IF(B11=0,"",IFERROR(COUNTIFS(Export!$E:$E,A11,Export!$H:$H,"Efectivo",Export!$M:$M,"<="&4)/B11*100,0)) | J11: =IF(B11=0,"",IFERROR(COUNTIFS(Export!$E:$E,A11,Export!$H:$H,"Efectivo",Export!$M:$M,"<="&5)/B11*100,0)) | K11: =IF(B11=0,"",IFERROR(COUNTIFS(Export!$E:$E,A11,Export!$H:$H,"Efectivo",Export!$M:$M,"<="&6)/B11*100,0)) | L11: =IF(B11=0,"",IFERROR(COUNTIFS(Export!$E:$E,A11,Export!$H:$H,"Efectivo",Export!$M:$M,"<="&7)/B11*100,0)) | M11: =IF(B11=0,"",IFERROR(COUNTIFS(Export!$E:$E,A11,Export!$H:$H,"Efectivo",Export!$M:$M,"<="&8)/B11*100,0)) | N11: =IF(B11=0,"",IFERROR(COUNTIFS(Export!$E:$E,A11,Export!$H:$H,"Efectivo",Export!$M:$M,"<="&9)/B11*100,0)) | O11: =IF(B11=0,"",IFERROR(COUNTIFS(Export!$E:$E,A11,Export!$H:$H,"Efectivo",Export!$M:$M,"<="&10)/B11*100,0)) | P11: =IF(B11=0,"",IFERROR(COUNTIFS(Export!$E:$E,A11,Export!$H:$H,"Efectivo",Export!$M:$M,"<="&11)/B11*100,0)) | Q11: =IF(B11=0,"",IFERROR(COUNTIFS(Export!$E:$E,A11,Export!$H:$H,"Efectivo",Export!$M:$M,"<="&12)/B11*100,0)) | R11: =IF(B11=0,"",IFERROR(COUNTIFS(Export!$E:$E,A11,Export!$H:$H,"Efectivo",Export!$M:$M,"<="&13)/B11*100,0)) | S11: =IF(B11=0,"",IFERROR(COUNTIFS(Export!$E:$E,A11,Export!$H:$H,"Efectivo",Export!$M:$M,"<="&14)/B11*100,0)) | T11: =IF(B11=0,"",IFERROR(COUNTIFS(Export!$E:$E,A11,Export!$H:$H,"Efectivo",Export!$M:$M,"<="&15)/B11*100,0)) | U11: =IF(B11=0,"",IFERROR(COUNTIFS(Export!$E:$E,A11,Export!$H:$H,"Efectivo",Export!$M:$M,"<="&16)/B11*100,0)) | V11: =IF(B11=0,"",IFERROR(COUNTIFS(Export!$E:$E,A11,Export!$H:$H,"Efectivo",Export!$M:$M,"<="&17)/B11*100,0)) | W11: =IF(B11=0,"",IFERROR(COUNTIFS(Export!$E:$E,A11,Export!$H:$H,"Efectivo",Export!$M:$M,"<="&18)/B11*100,0)) | X11: =IF(B11=0,"",IFERROR(COUNTIFS(Export!$E:$E,A11,Export!$H:$H,"Efectivo",Export!$M:$M,"<="&19)/B11*100,0)) | Y11: =IF(B11=0,"",IFERROR(COUNTIFS(Export!$E:$E,A11,Export!$H:$H,"Efectivo",Export!$M:$M,"<="&20)/B11*100,0)) | Z11: =IF(B11=0,"",IFERROR(COUNTIFS(Export!$E:$E,A11,Export!$H:$H,"Efectivo",Export!$M:$M,"<="&21)/B11*100,0)) | AA11: =IF(B11=0,"",IFERROR(COUNTIFS(Export!$E:$E,A11,Export!$H:$H,"Efectivo",Export!$M:$M,"<="&22)/B11*100,0)) | AB11: =IF(B11=0,"",IFERROR(COUNTIFS(Export!$E:$E,A11,Export!$H:$H,"Efectivo",Export!$M:$M,"<="&23)/B11*100,0)) | AC11: =IF(B11=0,"",IFERROR(COUNTIFS(Export!$E:$E,A11,Export!$H:$H,"Efectivo",Export!$M:$M,"<="&24)/B11*100,0)) | AD11: =IF(B11=0,"",IFERROR(COUNTIFS(Export!$E:$E,A11,Export!$H:$H,"Efectivo",Export!$M:$M,"<="&25)/B11*100,0)) | AE11: =IF(B11=0,"",IFERROR(COUNTIFS(Export!$E:$E,A11,Export!$H:$H,"Efectivo",Export!$M:$M,"<="&26)/B11*100,0)) | AF11: =IF(B11=0,"",IFERROR(COUNTIFS(Export!$E:$E,A11,Export!$H:$H,"Efectivo",Export!$M:$M,"<="&27)/B11*100,0)) | AG11: =IF(B11=0,"",IFERROR(COUNTIFS(Export!$E:$E,A11,Export!$H:$H,"Efectivo",Export!$M:$M,"<="&28)/B11*100,0)) | AH11: =IF(B11=0,"",IFERROR(COUNTIFS(Export!$E:$E,A11,Export!$H:$H,"Efectivo",Export!$M:$M,"<="&29)/B11*100,0)) | AI11: =IF(B11=0,"",IFERROR(COUNTIFS(Export!$E:$E,A11,Export!$H:$H,"Efectivo",Export!$M:$M,"<="&30)/B11*100,0)) | AJ11: =IF(B11=0,"",IFERROR(COUNTIFS(Export!$E:$E,A11,Export!$H:$H,"Efectivo",Export!$M:$M,"<="&31)/B11*100,0)) | AK11: =IF(B11=0,"",IFERROR(COUNTIFS(Export!$E:$E,A11,Export!$H:$H,"Efectivo",Export!$M:$M,"<="&32)/B11*100,0)) | AL11: =IF(B11=0,"",IFERROR(COUNTIFS(Export!$E:$E,A11,Export!$H:$H,"Efectivo",Export!$M:$M,"<="&33)/B11*100,0)) | AM11: =IF(B11=0,"",IFERROR(COUNTIFS(Export!$E:$E,A11,Export!$H:$H,"Efectivo",Export!$M:$M,"<="&34)/B11*100,0)) | AN11: =IF(B11=0,"",IFERROR(COUNTIFS(Export!$E:$E,A11,Export!$H:$H,"Efectivo",Export!$M:$M,"<="&35)/B11*100,0)) | AO11: =IF(B11=0,"",IFERROR(COUNTIFS(Export!$E:$E,A11,Export!$H:$H,"Efectivo",Export!$M:$M,"<="&36)/B11*100,0))
A12: 10-2024 | B12: =IFERROR(COUNTIF(Export!$E:$E,A12),0) | C12: =IFERROR(VLOOKUP(A12,Originaciones!$A:$B,2,0),"") | D12: =IFERROR(VLOOKUP(A12,'Flota Activa'!$A:$B,2,0),"") | E12: =IF(B12=0,"",IFERROR(COUNTIFS(Export!$E:$E,A12,Export!$H:$H,"Efectivo",Export!$M:$M,"<="&0)/B12*100,0)) | F12: =IF(B12=0,"",IFERROR(COUNTIFS(Export!$E:$E,A12,Export!$H:$H,"Efectivo",Export!$M:$M,"<="&1)/B12*100,0)) | G12: =IF(B12=0,"",IFERROR(COUNTIFS(Export!$E:$E,A12,Export!$H:$H,"Efectivo",Export!$M:$M,"<="&2)/B12*100,0)) | H12: =IF(B12=0,"",IFERROR(COUNTIFS(Export!$E:$E,A12,Export!$H:$H,"Efectivo",Export!$M:$M,"<="&3)/B12*100,0)) | I12: =IF(B12=0,"",IFERROR(COUNTIFS(Export!$E:$E,A12,Export!$H:$H,"Efectivo",Export!$M:$M,"<="&4)/B12*100,0)) | J12: =IF(B12=0,"",IFERROR(COUNTIFS(Export!$E:$E,A12,Export!$H:$H,"Efectivo",Export!$M:$M,"<="&5)/B12*100,0)) | K12: =IF(B12=0,"",IFERROR(COUNTIFS(Export!$E:$E,A12,Export!$H:$H,"Efectivo",Export!$M:$M,"<="&6)/B12*100,0)) | L12: =IF(B12=0,"",IFERROR(COUNTIFS(Export!$E:$E,A12,Export!$H:$H,"Efectivo",Export!$M:$M,"<="&7)/B12*100,0)) | M12: =IF(B12=0,"",IFERROR(COUNTIFS(Export!$E:$E,A12,Export!$H:$H,"Efectivo",Export!$M:$M,"<="&8)/B12*100,0)) | N12: =IF(B12=0,"",IFERROR(COUNTIFS(Export!$E:$E,A12,Export!$H:$H,"Efectivo",Export!$M:$M,"<="&9)/B12*100,0)) | O12: =IF(B12=0,"",IFERROR(COUNTIFS(Export!$E:$E,A12,Export!$H:$H,"Efectivo",Export!$M:$M,"<="&10)/B12*100,0)) | P12: =IF(B12=0,"",IFERROR(COUNTIFS(Export!$E:$E,A12,Export!$H:$H,"Efectivo",Export!$M:$M,"<="&11)/B12*100,0)) | Q12: =IF(B12=0,"",IFERROR(COUNTIFS(Export!$E:$E,A12,Export!$H:$H,"Efectivo",Export!$M:$M,"<="&12)/B12*100,0)) | R12: =IF(B12=0,"",IFERROR(COUNTIFS(Export!$E:$E,A12,Export!$H:$H,"Efectivo",Export!$M:$M,"<="&13)/B12*100,0)) | S12: =IF(B12=0,"",IFERROR(COUNTIFS(Export!$E:$E,A12,Export!$H:$H,"Efectivo",Export!$M:$M,"<="&14)/B12*100,0)) | T12: =IF(B12=0,"",IFERROR(COUNTIFS(Export!$E:$E,A12,Export!$H:$H,"Efectivo",Export!$M:$M,"<="&15)/B12*100,0)) | U12: =IF(B12=0,"",IFERROR(COUNTIFS(Export!$E:$E,A12,Export!$H:$H,"Efectivo",Export!$M:$M,"<="&16)/B12*100,0)) | V12: =IF(B12=0,"",IFERROR(COUNTIFS(Export!$E:$E,A12,Export!$H:$H,"Efectivo",Export!$M:$M,"<="&17)/B12*100,0)) | W12: =IF(B12=0,"",IFERROR(COUNTIFS(Export!$E:$E,A12,Export!$H:$H,"Efectivo",Export!$M:$M,"<="&18)/B12*100,0)) | X12: =IF(B12=0,"",IFERROR(COUNTIFS(Export!$E:$E,A12,Export!$H:$H,"Efectivo",Export!$M:$M,"<="&19)/B12*100,0)) | Y12: =IF(B12=0,"",IFERROR(COUNTIFS(Export!$E:$E,A12,Export!$H:$H,"Efectivo",Export!$M:$M,"<="&20)/B12*100,0)) | Z12: =IF(B12=0,"",IFERROR(COUNTIFS(Export!$E:$E,A12,Export!$H:$H,"Efectivo",Export!$M:$M,"<="&21)/B12*100,0)) | AA12: =IF(B12=0,"",IFERROR(COUNTIFS(Export!$E:$E,A12,Export!$H:$H,"Efectivo",Export!$M:$M,"<="&22)/B12*100,0)) | AB12: =IF(B12=0,"",IFERROR(COUNTIFS(Export!$E:$E,A12,Export!$H:$H,"Efectivo",Export!$M:$M,"<="&23)/B12*100,0)) | AC12: =IF(B12=0,"",IFERROR(COUNTIFS(Export!$E:$E,A12,Export!$H:$H,"Efectivo",Export!$M:$M,"<="&24)/B12*100,0)) | AD12: =IF(B12=0,"",IFERROR(COUNTIFS(Export!$E:$E,A12,Export!$H:$H,"Efectivo",Export!$M:$M,"<="&25)/B12*100,0)) | AE12: =IF(B12=0,"",IFERROR(COUNTIFS(Export!$E:$E,A12,Export!$H:$H,"Efectivo",Export!$M:$M,"<="&26)/B12*100,0)) | AF12: =IF(B12=0,"",IFERROR(COUNTIFS(Export!$E:$E,A12,Export!$H:$H,"Efectivo",Export!$M:$M,"<="&27)/B12*100,0)) | AG12: =IF(B12=0,"",IFERROR(COUNTIFS(Export!$E:$E,A12,Export!$H:$H,"Efectivo",Export!$M:$M,"<="&28)/B12*100,0)) | AH12: =IF(B12=0,"",IFERROR(COUNTIFS(Export!$E:$E,A12,Export!$H:$H,"Efectivo",Export!$M:$M,"<="&29)/B12*100,0)) | AI12: =IF(B12=0,"",IFERROR(COUNTIFS(Export!$E:$E,A12,Export!$H:$H,"Efectivo",Export!$M:$M,"<="&30)/B12*100,0)) | AJ12: =IF(B12=0,"",IFERROR(COUNTIFS(Export!$E:$E,A12,Export!$H:$H,"Efectivo",Export!$M:$M,"<="&31)/B12*100,0)) | AK12: =IF(B12=0,"",IFERROR(COUNTIFS(Export!$E:$E,A12,Export!$H:$H,"Efectivo",Export!$M:$M,"<="&32)/B12*100,0)) | AL12: =IF(B12=0,"",IFERROR(COUNTIFS(Export!$E:$E,A12,Export!$H:$H,"Efectivo",Export!$M:$M,"<="&33)/B12*100,0)) | AM12: =IF(B12=0,"",IFERROR(COUNTIFS(Export!$E:$E,A12,Export!$H:$H,"Efectivo",Export!$M:$M,"<="&34)/B12*100,0)) | AN12: =IF(B12=0,"",IFERROR(COUNTIFS(Export!$E:$E,A12,Export!$H:$H,"Efectivo",Export!$M:$M,"<="&35)/B12*100,0)) | AO12: =IF(B12=0,"",IFERROR(COUNTIFS(Export!$E:$E,A12,Export!$H:$H,"Efectivo",Export!$M:$M,"<="&36)/B12*100,0))
A13: 11-2024 | B13: =IFERROR(COUNTIF(Export!$E:$E,A13),0) | C13: =IFERROR(VLOOKUP(A13,Originaciones!$A:$B,2,0),"") | D13: =IFERROR(VLOOKUP(A13,'Flota Activa'!$A:$B,2,0),"") | E13: =IF(B13=0,"",IFERROR(COUNTIFS(Export!$E:$E,A13,Export!$H:$H,"Efectivo",Export!$M:$M,"<="&0)/B13*100,0)) | F13: =IF(B13=0,"",IFERROR(COUNTIFS(Export!$E:$E,A13,Export!$H:$H,"Efectivo",Export!$M:$M,"<="&1)/B13*100,0)) | G13: =IF(B13=0,"",IFERROR(COUNTIFS(Export!$E:$E,A13,Export!$H:$H,"Efectivo",Export!$M:$M,"<="&2)/B13*100,0)) | H13: =IF(B13=0,"",IFERROR(COUNTIFS(Export!$E:$E,A13,Export!$H:$H,"Efectivo",Export!$M:$M,"<="&3)/B13*100,0)) | I13: =IF(B13=0,"",IFERROR(COUNTIFS(Export!$E:$E,A13,Export!$H:$H,"Efectivo",Export!$M:$M,"<="&4)/B13*100,0)) | J13: =IF(B13=0,"",IFERROR(COUNTIFS(Export!$E:$E,A13,Export!$H:$H,"Efectivo",Export!$M:$M,"<="&5)/B13*100,0)) | K13: =IF(B13=0,"",IFERROR(COUNTIFS(Export!$E:$E,A13,Export!$H:$H,"Efectivo",Export!$M:$M,"<="&6)/B13*100,0)) | L13: =IF(B13=0,"",IFERROR(COUNTIFS(Export!$E:$E,A13,Export!$H:$H,"Efectivo",Export!$M:$M,"<="&7)/B13*100,0)) | M13: =IF(B13=0,"",IFERROR(COUNTIFS(Export!$E:$E,A13,Export!$H:$H,"Efectivo",Export!$M:$M,"<="&8)/B13*100,0)) | N13: =IF(B13=0,"",IFERROR(COUNTIFS(Export!$E:$E,A13,Export!$H:$H,"Efectivo",Export!$M:$M,"<="&9)/B13*100,0)) | O13: =IF(B13=0,"",IFERROR(COUNTIFS(Export!$E:$E,A13,Export!$H:$H,"Efectivo",Export!$M:$M,"<="&10)/B13*100,0)) | P13: =IF(B13=0,"",IFERROR(COUNTIFS(Export!$E:$E,A13,Export!$H:$H,"Efectivo",Export!$M:$M,"<="&11)/B13*100,0)) | Q13: =IF(B13=0,"",IFERROR(COUNTIFS(Export!$E:$E,A13,Export!$H:$H,"Efectivo",Export!$M:$M,"<="&12)/B13*100,0)) | R13: =IF(B13=0,"",IFERROR(COUNTIFS(Export!$E:$E,A13,Export!$H:$H,"Efectivo",Export!$M:$M,"<="&13)/B13*100,0)) | S13: =IF(B13=0,"",IFERROR(COUNTIFS(Export!$E:$E,A13,Export!$H:$H,"Efectivo",Export!$M:$M,"<="&14)/B13*100,0)) | T13: =IF(B13=0,"",IFERROR(COUNTIFS(Export!$E:$E,A13,Export!$H:$H,"Efectivo",Export!$M:$M,"<="&15)/B13*100,0)) | U13: =IF(B13=0,"",IFERROR(COUNTIFS(Export!$E:$E,A13,Export!$H:$H,"Efectivo",Export!$M:$M,"<="&16)/B13*100,0)) | V13: =IF(B13=0,"",IFERROR(COUNTIFS(Export!$E:$E,A13,Export!$H:$H,"Efectivo",Export!$M:$M,"<="&17)/B13*100,0)) | W13: =IF(B13=0,"",IFERROR(COUNTIFS(Export!$E:$E,A13,Export!$H:$H,"Efectivo",Export!$M:$M,"<="&18)/B13*100,0)) | X13: =IF(B13=0,"",IFERROR(COUNTIFS(Export!$E:$E,A13,Export!$H:$H,"Efectivo",Export!$M:$M,"<="&19)/B13*100,0)) | Y13: =IF(B13=0,"",IFERROR(COUNTIFS(Export!$E:$E,A13,Export!$H:$H,"Efectivo",Export!$M:$M,"<="&20)/B13*100,0)) | Z13: =IF(B13=0,"",IFERROR(COUNTIFS(Export!$E:$E,A13,Export!$H:$H,"Efectivo",Export!$M:$M,"<="&21)/B13*100,0)) | AA13: =IF(B13=0,"",IFERROR(COUNTIFS(Export!$E:$E,A13,Export!$H:$H,"Efectivo",Export!$M:$M,"<="&22)/B13*100,0)) | AB13: =IF(B13=0,"",IFERROR(COUNTIFS(Export!$E:$E,A13,Export!$H:$H,"Efectivo",Export!$M:$M,"<="&23)/B13*100,0)) | AC13: =IF(B13=0,"",IFERROR(COUNTIFS(Export!$E:$E,A13,Export!$H:$H,"Efectivo",Export!$M:$M,"<="&24)/B13*100,0)) | AD13: =IF(B13=0,"",IFERROR(COUNTIFS(Export!$E:$E,A13,Export!$H:$H,"Efectivo",Export!$M:$M,"<="&25)/B13*100,0)) | AE13: =IF(B13=0,"",IFERROR(COUNTIFS(Export!$E:$E,A13,Export!$H:$H,"Efectivo",Export!$M:$M,"<="&26)/B13*100,0)) | AF13: =IF(B13=0,"",IFERROR(COUNTIFS(Export!$E:$E,A13,Export!$H:$H,"Efectivo",Export!$M:$M,"<="&27)/B13*100,0)) | AG13: =IF(B13=0,"",IFERROR(COUNTIFS(Export!$E:$E,A13,Export!$H:$H,"Efectivo",Export!$M:$M,"<="&28)/B13*100,0)) | AH13: =IF(B13=0,"",IFERROR(COUNTIFS(Export!$E:$E,A13,Export!$H:$H,"Efectivo",Export!$M:$M,"<="&29)/B13*100,0)) | AI13: =IF(B13=0,"",IFERROR(COUNTIFS(Export!$E:$E,A13,Export!$H:$H,"Efectivo",Export!$M:$M,"<="&30)/B13*100,0)) | AJ13: =IF(B13=0,"",IFERROR(COUNTIFS(Export!$E:$E,A13,Export!$H:$H,"Efectivo",Export!$M:$M,"<="&31)/B13*100,0)) | AK13: =IF(B13=0,"",IFERROR(COUNTIFS(Export!$E:$E,A13,Export!$H:$H,"Efectivo",Export!$M:$M,"<="&32)/B13*100,0)) | AL13: =IF(B13=0,"",IFERROR(COUNTIFS(Export!$E:$E,A13,Export!$H:$H,"Efectivo",Export!$M:$M,"<="&33)/B13*100,0)) | AM13: =IF(B13=0,"",IFERROR(COUNTIFS(Export!$E:$E,A13,Export!$H:$H,"Efectivo",Export!$M:$M,"<="&34)/B13*100,0)) | AN13: =IF(B13=0,"",IFERROR(COUNTIFS(Export!$E:$E,A13,Export!$H:$H,"Efectivo",Export!$M:$M,"<="&35)/B13*100,0)) | AO13: =IF(B13=0,"",IFERROR(COUNTIFS(Export!$E:$E,A13,Export!$H:$H,"Efectivo",Export!$M:$M,"<="&36)/B13*100,0))
A14: 12-2024 | B14: =IFERROR(COUNTIF(Export!$E:$E,A14),0) | C14: =IFERROR(VLOOKUP(A14,Originaciones!$A:$B,2,0),"") | D14: =IFERROR(VLOOKUP(A14,'Flota Activa'!$A:$B,2,0),"") | E14: =IF(B14=0,"",IFERROR(COUNTIFS(Export!$E:$E,A14,Export!$H:$H,"Efectivo",Export!$M:$M,"<="&0)/B14*100,0)) | F14: =IF(B14=0,"",IFERROR(COUNTIFS(Export!$E:$E,A14,Export!$H:$H,"Efectivo",Export!$M:$M,"<="&1)/B14*100,0)) | G14: =IF(B14=0,"",IFERROR(COUNTIFS(Export!$E:$E,A14,Export!$H:$H,"Efectivo",Export!$M:$M,"<="&2)/B14*100,0)) | H14: =IF(B14=0,"",IFERROR(COUNTIFS(Export!$E:$E,A14,Export!$H:$H,"Efectivo",Export!$M:$M,"<="&3)/B14*100,0)) | I14: =IF(B14=0,"",IFERROR(COUNTIFS(Export!$E:$E,A14,Export!$H:$H,"Efectivo",Export!$M:$M,"<="&4)/B14*100,0)) | J14: =IF(B14=0,"",IFERROR(COUNTIFS(Export!$E:$E,A14,Export!$H:$H,"Efectivo",Export!$M:$M,"<="&5)/B14*100,0)) | K14: =IF(B14=0,"",IFERROR(COUNTIFS(Export!$E:$E,A14,Export!$H:$H,"Efectivo",Export!$M:$M,"<="&6)/B14*100,0)) | L14: =IF(B14=0,"",IFERROR(COUNTIFS(Export!$E:$E,A14,Export!$H:$H,"Efectivo",Export!$M:$M,"<="&7)/B14*100,0)) | M14: =IF(B14=0,"",IFERROR(COUNTIFS(Export!$E:$E,A14,Export!$H:$H,"Efectivo",Export!$M:$M,"<="&8)/B14*100,0)) | N14: =IF(B14=0,"",IFERROR(COUNTIFS(Export!$E:$E,A14,Export!$H:$H,"Efectivo",Export!$M:$M,"<="&9)/B14*100,0)) | O14: =IF(B14=0,"",IFERROR(COUNTIFS(Export!$E:$E,A14,Export!$H:$H,"Efectivo",Export!$M:$M,"<="&10)/B14*100,0)) | P14: =IF(B14=0,"",IFERROR(COUNTIFS(Export!$E:$E,A14,Export!$H:$H,"Efectivo",Export!$M:$M,"<="&11)/B14*100,0)) | Q14: =IF(B14=0,"",IFERROR(COUNTIFS(Export!$E:$E,A14,Export!$H:$H,"Efectivo",Export!$M:$M,"<="&12)/B14*100,0)) | R14: =IF(B14=0,"",IFERROR(COUNTIFS(Export!$E:$E,A14,Export!$H:$H,"Efectivo",Export!$M:$M,"<="&13)/B14*100,0)) | S14: =IF(B14=0,"",IFERROR(COUNTIFS(Export!$E:$E,A14,Export!$H:$H,"Efectivo",Export!$M:$M,"<="&14)/B14*100,0)) | T14: =IF(B14=0,"",IFERROR(COUNTIFS(Export!$E:$E,A14,Export!$H:$H,"Efectivo",Export!$M:$M,"<="&15)/B14*100,0)) | U14: =IF(B14=0,"",IFERROR(COUNTIFS(Export!$E:$E,A14,Export!$H:$H,"Efectivo",Export!$M:$M,"<="&16)/B14*100,0)) | V14: =IF(B14=0,"",IFERROR(COUNTIFS(Export!$E:$E,A14,Export!$H:$H,"Efectivo",Export!$M:$M,"<="&17)/B14*100,0)) | W14: =IF(B14=0,"",IFERROR(COUNTIFS(Export!$E:$E,A14,Export!$H:$H,"Efectivo",Export!$M:$M,"<="&18)/B14*100,0)) | X14: =IF(B14=0,"",IFERROR(COUNTIFS(Export!$E:$E,A14,Export!$H:$H,"Efectivo",Export!$M:$M,"<="&19)/B14*100,0)) | Y14: =IF(B14=0,"",IFERROR(COUNTIFS(Export!$E:$E,A14,Export!$H:$H,"Efectivo",Export!$M:$M,"<="&20)/B14*100,0)) | Z14: =IF(B14=0,"",IFERROR(COUNTIFS(Export!$E:$E,A14,Export!$H:$H,"Efectivo",Export!$M:$M,"<="&21)/B14*100,0)) | AA14: =IF(B14=0,"",IFERROR(COUNTIFS(Export!$E:$E,A14,Export!$H:$H,"Efectivo",Export!$M:$M,"<="&22)/B14*100,0)) | AB14: =IF(B14=0,"",IFERROR(COUNTIFS(Export!$E:$E,A14,Export!$H:$H,"Efectivo",Export!$M:$M,"<="&23)/B14*100,0)) | AC14: =IF(B14=0,"",IFERROR(COUNTIFS(Export!$E:$E,A14,Export!$H:$H,"Efectivo",Export!$M:$M,"<="&24)/B14*100,0)) | AD14: =IF(B14=0,"",IFERROR(COUNTIFS(Export!$E:$E,A14,Export!$H:$H,"Efectivo",Export!$M:$M,"<="&25)/B14*100,0)) | AE14: =IF(B14=0,"",IFERROR(COUNTIFS(Export!$E:$E,A14,Export!$H:$H,"Efectivo",Export!$M:$M,"<="&26)/B14*100,0)) | AF14: =IF(B14=0,"",IFERROR(COUNTIFS(Export!$E:$E,A14,Export!$H:$H,"Efectivo",Export!$M:$M,"<="&27)/B14*100,0)) | AG14: =IF(B14=0,"",IFERROR(COUNTIFS(Export!$E:$E,A14,Export!$H:$H,"Efectivo",Export!$M:$M,"<="&28)/B14*100,0)) | AH14: =IF(B14=0,"",IFERROR(COUNTIFS(Export!$E:$E,A14,Export!$H:$H,"Efectivo",Export!$M:$M,"<="&29)/B14*100,0)) | AI14: =IF(B14=0,"",IFERROR(COUNTIFS(Export!$E:$E,A14,Export!$H:$H,"Efectivo",Export!$M:$M,"<="&30)/B14*100,0)) | AJ14: =IF(B14=0,"",IFERROR(COUNTIFS(Export!$E:$E,A14,Export!$H:$H,"Efectivo",Export!$M:$M,"<="&31)/B14*100,0)) | AK14: =IF(B14=0,"",IFERROR(COUNTIFS(Export!$E:$E,A14,Export!$H:$H,"Efectivo",Export!$M:$M,"<="&32)/B14*100,0)) | AL14: =IF(B14=0,"",IFERROR(COUNTIFS(Export!$E:$E,A14,Export!$H:$H,"Efectivo",Export!$M:$M,"<="&33)/B14*100,0)) | AM14: =IF(B14=0,"",IFERROR(COUNTIFS(Export!$E:$E,A14,Export!$H:$H,"Efectivo",Export!$M:$M,"<="&34)/B14*100,0)) | AN14: =IF(B14=0,"",IFERROR(COUNTIFS(Export!$E:$E,A14,Export!$H:$H,"Efectivo",Export!$M:$M,"<="&35)/B14*100,0)) | AO14: =IF(B14=0,"",IFERROR(COUNTIFS(Export!$E:$E,A14,Export!$H:$H,"Efectivo",Export!$M:$M,"<="&36)/B14*100,0))
... A50: 12-2027 | B50: =IFERROR(COUNTIF(Export!$E:$E,A50),0) | C50: =IFERROR(VLOOKUP(A50,Originaciones!$A:$B,2,0),"") | D50: =IFERROR(VLOOKUP(A50,'Flota Activa'!$A:$B,2,0),"") | E50: =IF(B50=0,"",IFERROR(COUNTIFS(Export!$E:$E,A50,Export!$H:$H,"Efectivo",Export!$M:$M,"<="&0)/B50*100,0)) | F50: =IF(B50=0,"",IFERROR(COUNTIFS(Export!$E:$E,A50,Export!$H:$H,"Efectivo",Export!$M:$M,"<="&1)/B50*100,0)) | G50: =IF(B50=0,"",IFERROR(COUNTIFS(Export!$E:$E,A50,Export!$H:$H,"Efectivo",Export!$M:$M,"<="&2)/B50*100,0)) | H50: =IF(B50=0,"",IFERROR(COUNTIFS(Export!$E:$E,A50,Export!$H:$H,"Efectivo",Export!$M:$M,"<="&3)/B50*100,0)) | I50: =IF(B50=0,"",IFERROR(COUNTIFS(Export!$E:$E,A50,Export!$H:$H,"Efectivo",Export!$M:$M,"<="&4)/B50*100,0)) | J50: =IF(B50=0,"",IFERROR(COUNTIFS(Export!$E:$E,A50,Export!$H:$H,"Efectivo",Export!$M:$M,"<="&5)/B50*100,0)) | K50: =IF(B50=0,"",IFERROR(COUNTIFS(Export!$E:$E,A50,Export!$H:$H,"Efectivo",Export!$M:$M,"<="&6)/B50*100,0)) | L50: =IF(B50=0,"",IFERROR(COUNTIFS(Export!$E:$E,A50,Export!$H:$H,"Efectivo",Export!$M:$M,"<="&7)/B50*100,0)) | M50: =IF(B50=0,"",IFERROR(COUNTIFS(Export!$E:$E,A50,Export!$H:$H,"Efectivo",Export!$M:$M,"<="&8)/B50*100,0)) | N50: =IF(B50=0,"",IFERROR(COUNTIFS(Export!$E:$E,A50,Export!$H:$H,"Efectivo",Export!$M:$M,"<="&9)/B50*100,0)) | O50: =IF(B50=0,"",IFERROR(COUNTIFS(Export!$E:$E,A50,Export!$H:$H,"Efectivo",Export!$M:$M,"<="&10)/B50*100,0)) | P50: =IF(B50=0,"",IFERROR(COUNTIFS(Export!$E:$E,A50,Export!$H:$H,"Efectivo",Export!$M:$M,"<="&11)/B50*100,0)) | Q50: =IF(B50=0,"",IFERROR(COUNTIFS(Export!$E:$E,A50,Export!$H:$H,"Efectivo",Export!$M:$M,"<="&12)/B50*100,0)) | R50: =IF(B50=0,"",IFERROR(COUNTIFS(Export!$E:$E,A50,Export!$H:$H,"Efectivo",Export!$M:$M,"<="&13)/B50*100,0)) | S50: =IF(B50=0,"",IFERROR(COUNTIFS(Export!$E:$E,A50,Export!$H:$H,"Efectivo",Export!$M:$M,"<="&14)/B50*100,0)) | T50: =IF(B50=0,"",IFERROR(COUNTIFS(Export!$E:$E,A50,Export!$H:$H,"Efectivo",Export!$M:$M,"<="&15)/B50*100,0)) | U50: =IF(B50=0,"",IFERROR(COUNTIFS(Export!$E:$E,A50,Export!$H:$H,"Efectivo",Export!$M:$M,"<="&16)/B50*100,0)) | V50: =IF(B50=0,"",IFERROR(COUNTIFS(Export!$E:$E,A50,Export!$H:$H,"Efectivo",Export!$M:$M,"<="&17)/B50*100,0)) | W50: =IF(B50=0,"",IFERROR(COUNTIFS(Export!$E:$E,A50,Export!$H:$H,"Efectivo",Export!$M:$M,"<="&18)/B50*100,0)) | X50: =IF(B50=0,"",IFERROR(COUNTIFS(Export!$E:$E,A50,Export!$H:$H,"Efectivo",Export!$M:$M,"<="&19)/B50*100,0)) | Y50: =IF(B50=0,"",IFERROR(COUNTIFS(Export!$E:$E,A50,Export!$H:$H,"Efectivo",Export!$M:$M,"<="&20)/B50*100,0)) | Z50: =IF(B50=0,"",IFERROR(COUNTIFS(Export!$E:$E,A50,Export!$H:$H,"Efectivo",Export!$M:$M,"<="&21)/B50*100,0)) | AA50: =IF(B50=0,"",IFERROR(COUNTIFS(Export!$E:$E,A50,Export!$H:$H,"Efectivo",Export!$M:$M,"<="&22)/B50*100,0)) | AB50: =IF(B50=0,"",IFERROR(COUNTIFS(Export!$E:$E,A50,Export!$H:$H,"Efectivo",Export!$M:$M,"<="&23)/B50*100,0)) | AC50: =IF(B50=0,"",IFERROR(COUNTIFS(Export!$E:$E,A50,Export!$H:$H,"Efectivo",Export!$M:$M,"<="&24)/B50*100,0)) | AD50: =IF(B50=0,"",IFERROR(COUNTIFS(Export!$E:$E,A50,Export!$H:$H,"Efectivo",Export!$M:$M,"<="&25)/B50*100,0)) | AE50: =IF(B50=0,"",IFERROR(COUNTIFS(Export!$E:$E,A50,Export!$H:$H,"Efectivo",Export!$M:$M,"<="&26)/B50*100,0)) | AF50: =IF(B50=0,"",IFERROR(COUNTIFS(Export!$E:$E,A50,Export!$H:$H,"Efectivo",Export!$M:$M,"<="&27)/B50*100,0)) | AG50: =IF(B50=0,"",IFERROR(COUNTIFS(Export!$E:$E,A50,Export!$H:$H,"Efectivo",Export!$M:$M,"<="&28)/B50*100,0)) | AH50: =IF(B50=0,"",IFERROR(COUNTIFS(Export!$E:$E,A50,Export!$H:$H,"Efectivo",Export!$M:$M,"<="&29)/B50*100,0)) | AI50: =IF(B50=0,"",IFERROR(COUNTIFS(Export!$E:$E,A50,Export!$H:$H,"Efectivo",Export!$M:$M,"<="&30)/B50*100,0)) | AJ50: =IF(B50=0,"",IFERROR(COUNTIFS(Export!$E:$E,A50,Export!$H:$H,"Efectivo",Export!$M:$M,"<="&31)/B50*100,0)) | AK50: =IF(B50=0,"",IFERROR(COUNTIFS(Export!$E:$E,A50,Export!$H:$H,"Efectivo",Export!$M:$M,"<="&32)/B50*100,0)) | AL50: =IF(B50=0,"",IFERROR(COUNTIFS(Export!$E:$E,A50,Export!$H:$H,"Efectivo",Export!$M:$M,"<="&33)/B50*100,0)) | AM50: =IF(B50=0,"",IFERROR(COUNTIFS(Export!$E:$E,A50,Export!$H:$H,"Efectivo",Export!$M:$M,"<="&34)/B50*100,0)) | AN50: =IF(B50=0,"",IFERROR(COUNTIFS(Export!$E:$E,A50,Export!$H:$H,"Efectivo",Export!$M:$M,"<="&35)/B50*100,0)) | AO50: =IF(B50=0,"",IFERROR(COUNTIFS(Export!$E:$E,A50,Export!$H:$H,"Efectivo",Export!$M:$M,"<="&36)/B50*100,0))

Sheet Orig_vs_Rec
A1: ORIGINACIONES vs RECUPERACIONES — por mes calendario (2025+)
A2: Mes (MM-YYYY) | B2: N Originaciones | C2: Recuperaciones Efectivas | D2: Tasa Rec/Orig
A3: 01-2025 | B3: =IFERROR(VLOOKUP(A3,Originaciones!$A:$B,2,0),0) | C3: =IFERROR(COUNTIFS(Export!$I:$I,A3,Export!$H:$H,"Efectivo"),0) | D3: =IFERROR(C3/B3,"")
A4: 02-2025 | B4: =IFERROR(VLOOKUP(A4,Originaciones!$A:$B,2,0),0) | C4: =IFERROR(COUNTIFS(Export!$I:$I,A4,Export!$H:$H,"Efectivo"),0) | D4: =IFERROR(C4/B4,"")
A5: 03-2025 | B5: =IFERROR(VLOOKUP(A5,Originaciones!$A:$B,2,0),0) | C5: =IFERROR(COUNTIFS(Export!$I:$I,A5,Export!$H:$H,"Efectivo"),0) | D5: =IFERROR(C5/B5,"")
A6: 04-2025 | B6: =IFERROR(VLOOKUP(A6,Originaciones!$A:$B,2,0),0) | C6: =IFERROR(COUNTIFS(Export!$I:$I,A6,Export!$H:$H,"Efectivo"),0) | D6: =IFERROR(C6/B6,"")
A7: 05-2025 | B7: =IFERROR(VLOOKUP(A7,Originaciones!$A:$B,2,0),0) | C7: =IFERROR(COUNTIFS(Export!$I:$I,A7,Export!$H:$H,"Efectivo"),0) | D7: =IFERROR(C7/B7,"")
A8: 06-2025 | B8: =IFERROR(VLOOKUP(A8,Originaciones!$A:$B,2,0),0) | C8: =IFERROR(COUNTIFS(Export!$I:$I,A8,Export!$H:$H,"Efectivo"),0) | D8: =IFERROR(C8/B8,"")
A9: 07-2025 | B9: =IFERROR(VLOOKUP(A9,Originaciones!$A:$B,2,0),0) | C9: =IFERROR(COUNTIFS(Export!$I:$I,A9,Export!$H:$H,"Efectivo"),0) | D9: =IFERROR(C9/B9,"")
A10: 08-2025 | B10: =IFERROR(VLOOKUP(A10,Originaciones!$A:$B,2,0),0) | C10: =IFERROR(COUNTIFS(Export!$I:$I,A10,Export!$H:$H,"Efectivo"),0) | D10: =IFERROR(C10/B10,"")
A11: 09-2025 | B11: =IFERROR(VLOOKUP(A11,Originaciones!$A:$B,2,0),0) | C11: =IFERROR(COUNTIFS(Export!$I:$I,A11,Export!$H:$H,"Efectivo"),0) | D11: =IFERROR(C11/B11,"")
A12: 10-2025 | B12: =IFERROR(VLOOKUP(A12,Originaciones!$A:$B,2,0),0) | C12: =IFERROR(COUNTIFS(Export!$I:$I,A12,Export!$H:$H,"Efectivo"),0) | D12: =IFERROR(C12/B12,"")
A13: 11-2025 | B13: =IFERROR(VLOOKUP(A13,Originaciones!$A:$B,2,0),0) | C13: =IFERROR(COUNTIFS(Export!$I:$I,A13,Export!$H:$H,"Efectivo"),0) | D13: =IFERROR(C13/B13,"")
A14: 12-2025 | B14: =IFERROR(VLOOKUP(A14,Originaciones!$A:$B,2,0),0) | C14: =IFERROR(COUNTIFS(Export!$I:$I,A14,Export!$H:$H,"Efectivo"),0) | D14: =IFERROR(C14/B14,"")
... A38: 12-2027 | B38: =IFERROR(VLOOKUP(A38,Originaciones!$A:$B,2,0),0) | C38: =IFERROR(COUNTIFS(Export!$I:$I,A38,Export!$H:$H,"Efectivo"),0) | D38: =IFERROR(C38/B38,"")

Sheet Instrucciones
B2: CÓMO USAR ESTE TEMPLATE
A4: ① | B4: PEGAR DATOS DE POWER BI
B5: Descarga el Export de Power BI.
B6: Abre la hoja 'Export' de este archivo.
B7: Copia SÓLO las filas de datos (sin encabezados) y pégalas en celda A3.
B8: La columna M (Meses_Efectivos) se calcula automáticamente.
A10: ② | B10: ACTUALIZAR ORIGINACIONES
B11: Ve a la hoja 'Originaciones'.
B12: Agrega nuevas cosechas al final de la tabla cuando sea necesario.
A14: ③ | B14: VERIFICAR EN LAS HOJAS DE CÁLCULO
B15: KPIs → resumen general de totales
B16: Cohort_Detail → tabla por cohorte con todos los porcentajes
B17: Heatmap → % acumulado M+0 a M+36 por cohorte
B18: Orig_vs_Rec → originaciones vs recuperaciones por mes
A20: ④ | B20: GENERAR data.json Y SUBIR A GITHUB
B21: Guarda el archivo y abre una terminal en esta carpeta.
B22: python3 convert.py
B23: git add data.json && git commit -m 'update' && git push
B24: El dashboard en GitHub Pages se actualiza solo.
