Workbook
Name Selected_Date: #REF!

Sheet Export
A1: Cliente | B1: Sexo | C1: Contrato | D1: Estado | E1: Cosecha | F1: Mes envio recuperación | G1: Meses transcurridos | H1: Estatus recuperación | I1: Mes recuperación | J1: Plate | K1: Modelo | L1: Plataforma
A2: . RODRIGUEZ VICENTE | B2: Hombre | C2: 2519AF | D2: BAJA CALIFORNIA | E2: 04-2023 | F2: 04-2026 | G2: 36 | H2: Efectivo | I2: 04-2026 | J2: BGH042A | K2: ATTITUDE | L2: UBER
A3: . RODRIGUEZ VICENTE | B3: Hombre | C3: 6812AF | D3: BAJA CALIFORNIA | E3: 01-2026 | F3: 04-2026 | G3: 2 | H3: Efectivo | I3: 04-2026 | J3: CBY512A | K3: CHEVROLET AVEO | L3: DIDI
A4: ACEVES OSUNA FRANCISCO XAVIER | B4: Hombre | C4: 4990AF | D4: BAJA CALIFORNIA | E4: 06-2025 | F4: 03-2026 | G4: 9 | H4: Efectivo | I4: 03-2026 | J4: BYG580A | K4: CHEVROLET AVEO | L4: UBER
A5: ACOSTA CALDERON FERNANDO | B5: Hombre | C5: 3908AF | D5: CDMX Y AREA METROPOLITANA | E5: 10-2024 | F5: 10-2025 | G5: 11 | H5: Efectivo | I5: 11-2025 | J5: C34BPX | K5: TOYOTA AVANZA | L5: UBER
A6: ACOSTA MARTINEZ MIGUEL ANGEL | B6: Hombre | C6: 5944AF | D6: CDMX Y AREA METROPOLITANA | E6: 10-2025 | F6: 04-2026 | G6: 6 | H6: Pendiente | J6: 51G505 | K6: GAC AION S | L6: UBER
A7: ADAME SALINAS MICHEL ALBERTO | B7: Hombre | C7: 4523AF | D7: CDMX Y AREA METROPOLITANA | E7: 03-2025 | F7: 11-2025 | G7: 7 | H7: Efectivo | I7: 11-2025 | J7: 39G976 | K7: GAC AION S | L7: UBER
A8: ADAME TRUJILLO CHRISTIAN ARIEL | B8: Hombre | C8: 4399AF | D8: CDMX Y AREA METROPOLITANA | E8: 02-2025 | F8: 01-2026 | G8: 11 | H8: Efectivo | I8: 02-2026 | J8: 31G452 | K8: GAC AION S | L8: UBER
A9: AGAMA MEJIA ARTEMIO | B9: Hombre | C9: 5022AF | D9: CDMX Y AREA METROPOLITANA | E9: 06-2025 | F9: 03-2026 | G9: 9 | H9: Efectivo | I9: 03-2026 | J9: D96BRR | K9: CHEVROLET AVEO | L9: UBER
A10: AGUILAR GONZALEZ MARCO ANTONIO | B10: Hombre | C10: 5011AF | D10: CDMX Y AREA METROPOLITANA | E10: 06-2025 | F10: 03-2026 | G10: 10 | H10: Efectivo | I10: 04-2026 | J10: A84BMP | K10: CHEVROLET AVEO | L10: UBER
A11: AGUILAR GONZALEZ MIGUEL ANGEL | B11: Hombre | C11: 3889AF | D11: BAJA CALIFORNIA | E11: 10-2024 | F11: 06-2025 | G11: 8 | H11: Efectivo | I11: 07-2025 | J11: BSG377A | K11: CHEVROLET AVEO | L11: UBER
A12: AGUILAR LOPEZ ALFONSO | B12: Hombre | C12: 4270AF | D12: CDMX Y AREA METROPOLITANA | E12: 01-2025 | F12: 02-2026 | G12: 12 | H12: Pendiente | J12: 31G972 | K12: GAC AION S | L12: UBER
A13: AGUILAR REZA DIEGO ABRAHAM | B13: Hombre | C13: 6245AF | D13: CDMX Y AREA METROPOLITANA | E13: 11-2025 | F13: 04-2026 | G13: 5 | H13: Efectivo | I13: 05-2026 | J13: 62G480 | K13: BYD E5 | L13: UBER
A14: AGUILAR TREJO ADAN | B14: Hombre | C14: 5909AF | D14: BAJA CALIFORNIA | E14: 10-2025 | F14: 04-2026 | G14: 6 | H14: Efectivo | I14: 04-2026 | J14: CAJ035A | K14: CHEVROLET AVEO | L14: DIDI
A15: AGUILAR VERA OSCAR MAURICIO | B15: Hombre | C15: 4247AF | D15: JALISCO | E15: 01-2025 | F15: 11-2025 | G15: 9 | H15: Efectivo | I15: 03-2026 | J15: HWS688A | K15: CHEVROLET AVEO | L15: UBER
A16: AGUIRRE AVALOS CARLOS ALBERTO | B16: Hombre | C16: 4078AF | D16: JALISCO | E16: 12-2024 | F16: 01-2026 | G16: 13 | H16: Efectivo | I16: 01-2026 | J16: HWS689A | K16: CHEVROLET AVEO | L16: UBER
A17: AGUIRRE VELAZQUEZ MARIA ANTONIETA | B17: Mujer | C17: 6862AF | D17: CDMX Y AREA METROPOLITANA | E17: 01-2026 | F17: 02-2026 | G17: 1 | H17: Efectivo | I17: 02-2026 | J17: 29G385 | K17: GAC AION S | L17: UBER
A18: AGUIRRE ZAZUETA XIUMARA SERAIN | B18: Mujer | C18: 5875AF | D18: NUEVO LEON | E18: 10-2025 | F18: 02-2026 | G18: 4 | H18: Efectivo | I18: 02-2026 | J18: RXW058C | K18: CHEVROLET AVEO | L18: DIDI
A19: ALAMILLO CONTRERAS DANIEL | B19: Hombre | C19: 4082AF | D19: NUEVO LEON | E19: 12-2024 | F19: 04-2026 | G19: 16 | H19: Efectivo | I19: 04-2026 | J19: TFP758B | K19: CHEVROLET AVEO | L19: UBER
A20: ALANIS ARELLANO LUIS GERARDO | B20: Hombre | C20: 5589AF | D20: NUEVO LEON | E20: 08-2025 | F20: 04-2026 | G20: 7 | H20: Efectivo | I20: 04-2026 | J20: RWL277C | K20: TOYOTA AVANZA | L20: DIDI
A21: ALANIS SANTILLAN VICTOR MANUEL | B21: Hombre | C21: 4282AF | D21: CDMX Y AREA METROPOLITANA | E21: 02-2025 | F21: 04-2026 | G21: 14 | H21: Efectivo | I21: 04-2026 | J21: R25BRD | K21: CHEVROLET AVEO | L21: UBER
A22: ALARCON MARTINEZ ABRAHAM DANIEL | B22: Hombre | C22: 4771AF | D22: CDMX Y AREA METROPOLITANA | E22: 05-2025 | F22: 01-2026 | G22: 9 | H22: Efectivo | I22: 02-2026 | J22: E68BRR | K22: CHEVROLET AVEO | L22: DIDI
A23: ALATORRE MARQUEZ JORGE ALEJANDRO | B23: Hombre | C23: 2944AF | D23: JALISCO | E23: 01-2024 | F23: 03-2026 | G23: 26 | H23: Cancelado | J23: HSJ725A | K23: CHEVROLET AVEO | L23: UBER
A24: ALBA PARAMO NOE | B24: Hombre | C24: 5625AF | D24: CDMX Y AREA METROPOLITANA | E24: 08-2025 | F24: 12-2025 | G24: 3 | H24: Pendiente | J24: 48G241 | K24: BYD MINIDOLPHIN | L24: DIDI
A25: ALCALA NOVEROLA MARIO JONATHAN | B25: Hombre | C25: 5784AF | D25: CDMX Y AREA METROPOLITANA | E25: 09-2025 | F25: 02-2026 | G25: 4 | H25: Efectivo | I25: 02-2026 | J25: 10K823 | K25: BYD MINIDOLPHIN | L25: UBER
A26: ALCANTAR SILVA ARMANDO | B26: Hombre | C26: 2745AF | D26: BAJA CALIFORNIA | E26: 09-2023 | F26: 06-2025 | G26: 21 | H26: Efectivo | I26: 06-2025 | J26: BJX359A | K26: CHEVROLET AVEO | L26: UBER
A27: ALCANTARA SANCHEZ ENRIQUE ABRAHAM | B27: Hombre | C27: 5800AF | D27: CDMX Y AREA METROPOLITANA | E27: 09-2025 | F27: 05-2026 | G27: 7 | H27: Efectivo | I27: 05-2026 | J27: 10K840 | K27: BYD MINIDOLPHIN | L27: UBER
A28: ALCANTARA SEGURA JUAN | B28: Hombre | C28: 4370AF | D28: CDMX Y AREA METROPOLITANA | E28: 02-2025 | F28: 06-2025 | G28: 3 | H28: Efectivo | I28: 06-2025 | J28: 19G586 | K28: BYD D1 | L28: UBER
A29: ALCIBAR PEÑA DANIEL | B29: Hombre | C29: 4368AF | D29: CDMX Y AREA METROPOLITANA | E29: 02-2025 | F29: 04-2025 | G29: 2 | H29: Efectivo | I29: 05-2025 | J29: 31G788 | K29: GAC AION S | L29: DIDI
A30: ALDANA RUIZ ISRAEL | B30: Hombre | C30: 5409AF | D30: CDMX Y AREA METROPOLITANA | E30: 07-2025 | F30: 03-2026 | G30: 8 | H30: Efectivo | I30: 03-2026 | J30: 48G145 | K30: BYD MINIDOLPHIN | L30: DIDI
A31: ALDAPE BARCENAS ILSE ABIGAIL | B31: Mujer | C31: 5889AF | D31: NUEVO LEON | E31: 10-2025 | F31: 03-2026 | G31: 6 | H31: Pendiente | J31: RXC615C | K31: TOYOTA AVANZA | L31: UBER
A32: ALEJANDRE GABRIEL DIEGO | B32: Hombre | C32: 6382AF | D32: NUEVO LEON | E32: 11-2025 | F32: 04-2026 | G32: 4 | H32: Pendiente | J32: RZB056C | K32: CHEVROLET AVEO | L32: DIDI
A33: ALEMAN CONTRERAS MANUEL ALEJANDRO | B33: Hombre | C33: 6440AF | D33: CDMX Y AREA METROPOLITANA | E33: 12-2025 | F33: 02-2026 | G33: 2 | H33: Pendiente | J33: 51G818 | K33: BYD MINIDOLPHIN | L33: UBER
A34: ALFARO MARTINEZ LUIS ENRIQUE | B34: Hombre | C34: 3767AF | D34: CDMX Y AREA METROPOLITANA | E34: 09-2024 | F34: 04-2025 | G34: 6 | H34: Efectivo | I34: 04-2025 | J34: 05G231 | K34: BYD D1 | L34: UBER
A35: ALMANZA VITE OCTAVIO DAMIAN | B35: Hombre | C35: 4506AF | D35: CDMX Y AREA METROPOLITANA | E35: 03-2025 | F35: 06-2025 | G35: 2 | H35: Efectivo | I35: 06-2025 | J35: Y47BNL | K35: CHEVROLET AVEO | L35: UBER
A36: ALONSO ALONSO ROSA CARMEN | B36: Mujer | C36: 4904AF | D36: NUEVO LEON | E36: 05-2025 | F36: 07-2025 | G36: 2 | H36: Efectivo | I36: 08-2025 | J36: RUB750C | K36: TOYOTA AVANZA | L36: DIDI
A37: ALONSO DEL ANGEL ALEJANDRO | B37: Hombre | C37: 4167AF | D37: CDMX Y AREA METROPOLITANA | E37: 12-2024 | F37: 03-2026 | G37: 15 | H37: Efectivo | I37: 04-2026 | J37: 19G518 | K37: BYD D1 | L37: UBER
A38: ALONSO GUERRA LUIS ALONSO | B38: Hombre | C38: 5550AF | D38: NUEVO LEON | E38: 08-2025 | F38: 02-2026 | G38: 6 | H38: Cancelado | J38: RVX593C | K38: CHEVROLET AVEO | L38: UBER
A39: ALONSO ROJAS LUIS ENRIQUE | B39: Hombre | C39: 3032AF | D39: CDMX Y AREA METROPOLITANA | E39: 02-2024 | F39: 08-2025 | G39: 18 | H39: Cancelado | J39: T14BNL | K39: CHEVROLET AVEO | L39: UBER
A40: ALTAMIRANO FLORES ANGEL EDUARDO | B40: Hombre | C40: 5058AF | D40: CDMX Y AREA METROPOLITANA | E40: 06-2025 | F40: 11-2025 | G40: 5 | H40: Pendiente | J40: B87BPD | K40: CHEVROLET AVEO | L40: DIDI
A41: ALVA RAMIREZ GABRIEL ALEJANDRO | B41: Hombre | C41: 6507AF | D41: JALISCO | E41: 12-2025 | F41: 03-2026 | G41: 2 | H41: Efectivo | I41: 03-2026 | J41: KDM116A | K41: TOYOTA AVANZA | L41: UBER
A42: ALVARADO CERVANTES JONATHAN JACOB | B42: Hombre | C42: 4571AF | D42: BAJA CALIFORNIA | E42: 04-2025 | F42: 09-2025 | G42: 5 | H42: Efectivo | I42: 10-2025 | J42: BWX672A | K42: CHEVROLET AVEO | L42: UBER
A43: ALVARADO DE LA ROCHA CARLOS ALBERTO | B43: Hombre | C43: 3962AF | D43: CDMX Y AREA METROPOLITANA | E43: 11-2024 | F43: 12-2025 | G43: 13 | H43: Efectivo | I43: 01-2026 | J43: 13G727 | K43: BYD D1 | L43: UBER
A44: ALVARADO DIAZ ADRIAN | B44: Hombre | C44: 4125AF | D44: CDMX Y AREA METROPOLITANA | E44: 12-2024 | F44: 07-2025 | G44: 7 | H44: Efectivo | I44: 08-2025 | J44: 19G588 | K44: BYD D1 | L44: UBER
A45: ALVARADO FLORES ERIK | B45: Hombre | C45: 3871AF | D45: CDMX Y AREA METROPOLITANA | E45: 10-2024 | F45: 09-2025 | G45: 11 | H45: Efectivo | I45: 09-2025 | J45: E10BPT | K45: TOYOTA AVANZA | L45: UBER
A46: ALVARADO JUAREZ LUIS ADAN | B46: Hombre | C46: 5633AF | D46: CDMX Y AREA METROPOLITANA | E46: 08-2025 | F46: 04-2026 | G46: 7 | H46: Efectivo | I46: 04-2026 | J46: 48G289 | K46: BYD MINIDOLPHIN | L46: UBER
A47: ALVARADO MARTINEZ ENRIQUE ALFREDO | B47: Hombre | C47: 6374AF | D47: NUEVO LEON | E47: 11-2025 | F47: 03-2026 | G47: 3 | H47: Efectivo | I47: 03-2026 | J47: RYJ862C | K47: TOYOTA AVANZA | L47: UBER
A48: ALVARADO MORENO FRANCISCO JAVIER | B48: Hombre | C48: 4202AF | D48: NUEVO LEON | E48: 01-2025 | F48: 10-2025 | G48: 9 | H48: Cancelado | J48: TCV544B | K48: ONIX | L48: UBER
A49: ALVARADO ORDUÑA LUIS | B49: Hombre | C49: 4252AF | D49: CDMX Y AREA METROPOLITANA | E49: 01-2025 | F49: 03-2026 | G49: 13 | H49: Efectivo | I49: 03-2026 | J49: A08BNM | K49: CHEVROLET AVEO | L49: UBER
A50: ALVARADO SANTIBAÑEZ ALAN MANUEL | B50: Hombre | C50: 6486AF | D50: CDMX Y AREA METROPOLITANA | E50: 12-2025 | F50: 05-2026 | G50: 5 | H50: Pendiente | J50: 15K091 | K50: BYD MINIDOLPHIN | L50: DIDI
A51: ALVARADO SORIA MARCOS GAMALIEL | B51: Hombre | C51: 5095AF | D51: CDMX Y AREA METROPOLITANA | E51: 06-2025 | F51: 09-2025 | G51: 3 | H51: Pendiente | J51: 28G728 | K51: GAC AION S | L51: UBER
A52: ALVAREZ BARROSO LUIS ARTURO | B52: Hombre | C52: 5379AF | D52: CDMX Y AREA METROPOLITANA | E52: 07-2025 | F52: 01-2026 | G52: 6 | H52: Efectivo | I52: 01-2026 | J52: 48G159 | K52: BYD MINIDOLPHIN | L52: UBER
A53: ALVAREZ BONES OSVALDO | B53: Hombre | C53: 4899AF | D53: CDMX Y AREA METROPOLITANA | E53: 05-2025 | F53: 11-2025 | G53: 5 | H53: Efectivo | I53: 11-2025 | J53: 13G735 | K53: BYD D1 | L53: UBER
A54: ALVAREZ HUIPE GABINO | B54: Hombre | C54: 5933AF | D54: BAJA CALIFORNIA | E54: 10-2025 | F54: 02-2026 | G54: 4 | H54: Efectivo | I54: 03-2026 | J54: BVG822A | K54: CHEVROLET AVEO | L54: UBER
A55: ALVAREZ MERIDA GABINO | B55: Hombre | C55: 4184AF | D55: CDMX Y AREA METROPOLITANA | E55: 01-2025 | F55: 07-2025 | G55: 6 | H55: Cancelado | J55: 19G598 | K55: BYD D1 | L55: UBER
A56: ALVAREZ MERIDA GABINO | B56: Hombre | C56: 4184AF | D56: CDMX Y AREA METROPOLITANA | E56: 01-2025 | F56: 04-2026 | G56: 15 | H56: Pendiente | J56: 19G598 | K56: BYD D1 | L56: UBER
A57: ALVAREZ NARVAEZ WILLIAM | B57: Hombre | C57: 6479AF | D57: NUEVO LEON | E57: 12-2025 | F57: 05-2026 | G57: 5 | H57: Pendiente | J57: 56S304 | K57: BYD MINIDOLPHIN | L57: DIDI
A58: ALVAREZ RAMIREZ JUAN LUIS | B58: Hombre | C58: 4021AF | D58: CDMX Y AREA METROPOLITANA | E58: 11-2024 | F58: 09-2025 | G58: 9 | H58: Efectivo | I58: 10-2025 | J58: 13G876 | K58: BYD D1 | L58: DIDI
A59: ALVAREZ RUIZ JOSE JOEL | B59: Hombre | C59: 6555AF | D59: BAJA CALIFORNIA | E59: 12-2025 | F59: 03-2026 | G59: 2 | H59: Efectivo | I59: 03-2026 | J59: CBL128A | K59: CHEVROLET AVEO | L59: DIDI
A60: AMARO CARRILLO ABEL | B60: Hombre | C60: 5694AF | D60: CDMX Y AREA METROPOLITANA | E60: 09-2025 | F60: 04-2026 | G60: 7 | H60: Efectivo | I60: 04-2026 | J60: 09K866 | K60: GAC AION S | L60: UBER
A61: AMAYA HUERTA ERIK ALFREDO | B61: Hombre | C61: 5531AF | D61: CDMX Y AREA METROPOLITANA | E61: 08-2025 | F61: 04-2026 | G61: 7 | H61: Efectivo | I61: 05-2026 | J61: 48G183 | K61: BYD MINIDOLPHIN | L61: UBER
A62: AMBROSIO ESPINOSA DAVID | B62: Hombre | C62: 4875AF | D62: CDMX Y AREA METROPOLITANA | E62: 05-2025 | F62: 11-2025 | G62: 5 | H62: Pendiente | J62: 47G524 | K62: BYD MINIDOLPHIN | L62: UBER
A63: ANGELES GARCIA JOSE EDUARDO | B63: Hombre | C63: 5661AF | D63: CDMX Y AREA METROPOLITANA | E63: 09-2025 | F63: 04-2026 | G63: 8 | H63: Efectivo | I63: 05-2026 | J63: 31G794 | K63: GAC AION S | L63: DIDI
A64: APARICIO GALENO HERIBERTO | B64: Hombre | C64: 4152AF | D64: CDMX Y AREA METROPOLITANA | E64: 12-2024 | F64: 02-2026 | G64: 13 | H64: Efectivo | I64: 02-2026 | J64: 81F233 | K64: SUZUKI ERTIGA | L64: UBER
A65: AQUINO LOPEZ TOMAS | B65: Hombre | C65: 3319AF | D65: BAJA CALIFORNIA | E65: 05-2024 | F65: 12-2025 | G65: 19 | H65: Efectivo | I65: 01-2026 | J65: BPC077A | K65: CHEVROLET AVEO | L65: UBER
A66: ARAGON POLANCO HECTOR MANUEL | B66: Hombre | C66: 2893AF | D66: BAJA CALIFORNIA | E66: 11-2023 | F66: 05-2026 | G66: 30 | H66: Pendiente | J66: BKM644A | K66: CHEVROLET AVEO | L66: UBER
A67: ARELLANO CERVANTES JUAN PABLO | B67: Hombre | C67: 3454AF | D67: JALISCO | E67: 07-2024 | F67: 12-2025 | G67: 18 | H67: Efectivo | I67: 01-2026 | J67: HWE170A | K67: CHEVROLET AVEO | L67: UBER
A68: ARELLANO JIMENEZ EDUARDO | B68: Hombre | C68: 4573AF | D68: BAJA CALIFORNIA | E68: 04-2025 | F68: 09-2025 | G68: 5 | H68: Pendiente | J68: BWX671A | K68: CHEVROLET AVEO | L68: UBER
A69: ARENAS MACIAS RICARDO | B69: Hombre | C69: 2149AF | D69: JALISCO | E69: 06-2022 | F69: 04-2025 | G69: 35 | H69: Efectivo | I69: 05-2025 | J69: JSX3949 | K69: CHEVROLET AVEO | L69: UBER
A70: AREVALO DATTOLI RAFAEL | B70: Hombre | C70: 6243AF | D70: CDMX Y AREA METROPOLITANA | E70: 11-2025 | F70: 02-2026 | G70: 3 | H70: Efectivo | I70: 04-2026 | J70: 62G237 | K70: BYD E5 | L70: UBER
A71: AREVALO GARCIA ISRAEL JONATHAN | B71: Hombre | C71: 4944AF | D71: CDMX Y AREA METROPOLITANA | E71: 05-2025 | F71: 09-2025 | G71: 3 | H71: Pendiente | J71: 47G512 | K71: BYD MINIDOLPHIN | L71: DIDI
A72: AREVALO HERNANDEZ MARCOS DANIEL | B72: Hombre | C72: 5332AF | D72: CDMX Y AREA METROPOLITANA | E72: 07-2025 | F72: 02-2026 | G72: 7 | H72: Pendiente | J72: 31G619 | K72: GAC AION S | L72: UBER
A73: ARGUELLES AGUIRRE ISAAC ANGEL | B73: Hombre | C73: 5211AF | D73: BAJA CALIFORNIA | E73: 07-2025 | F73: 11-2025 | G73: 5 | H73: Cancelado | J73: BYY747A | K73: CHEVROLET AVEO | L73: UBER
A74: ARIAS CABRERA LUIS ALBERTO | B74: Hombre | C74: 3140AF | D74: CDMX Y AREA METROPOLITANA | E74: 03-2024 | F74: 03-2026 | G74: 24 | H74: Efectivo | I74: 05-2026 | J74: 84F061 | K74: BYD D1 | L74: UBER
A75: ARIAS VILLALPANDO ERICK LEOBARDO | B75: Hombre | C75: 5686AF | D75: NUEVO LEON | E75: 09-2025 | F75: 11-2025 | G75: 2 | H75: Pendiente | J75: RXN889C | K75: CHEVROLET AVEO | L75: DIDI
A76: ARREDON BATTA ROBERTO | B76: Hombre | C76: 5583AF | D76: JALISCO | E76: 08-2025 | F76: 04-2026 | G76: 8 | H76: Pendiente | J76: JNU148A | K76: TOYOTA AVANZA | L76: UBER
A77: ARREDONDO SOLORIO JUAN ALBERTO | B77: Hombre | C77: 4107AF | D77: CDMX Y AREA METROPOLITANA | E77: 12-2024 | F77: 04-2026 | G77: 16 | H77: Efectivo | I77: 04-2026 | J77: 19G469 | K77: BYD D1 | L77: UBER
A78: ARREDONDO VILLANUEVA JORGE DAMIAN | B78: Hombre | C78: 4154AF | D78: CDMX Y AREA METROPOLITANA | E78: 12-2024 | F78: 01-2025 | G78: 1 | H78: Efectivo | I78: 02-2025 | J78: 19G361 | K78: BYD D1 | L78: DIDI
A79: ARREOLA TORRES DIEGO | B79: Hombre | C79: 2199AF | D79: CDMX Y AREA METROPOLITANA | E79: 08-2022 | F79: 04-2025 | G79: 33 | H79: Cancelado | J79: J12BMZ | K79: IGNIS | L79: UBER
A80: ARRIAGA DIAZ ALEJANDRO | B80: Hombre | C80: 5860AF | D80: CDMX Y AREA METROPOLITANA | E80: 09-2025 | F80: 12-2025 | G80: 3 | H80: Efectivo | I80: 01-2026 | J80: 11K502 | K80: BYD MINIDOLPHIN | L80: DIDI
A81: ARZATE JIMENEZ JOSE ANTONIO | B81: Hombre | C81: 4148AF | D81: CDMX Y AREA METROPOLITANA | E81: 12-2024 | F81: 08-2025 | G81: 8 | H81: Efectivo | I81: 09-2025 | J81: 19G582 | K81: BYD D1 | L81: UBER
A82: ASCENCIO AMPARANO SERGIO ALEJANDRO | B82: Hombre | C82: 2825AF | D82: BAJA CALIFORNIA | E82: 10-2023 | F82: 04-2026 | G82: 29 | H82: Pendiente | J82: BKB317A | K82: CHEVROLET AVEO | L82: UBER
A83: AVALOS CALIXTO SALVADOR | B83: Hombre | C83: 4423AF | D83: CDMX Y AREA METROPOLITANA | E83: 03-2025 | F83: 06-2025 | G83: 3 | H83: Efectivo | I83: 06-2025 | J83: 31G769 | K83: GAC AION S | L83: UBER
A84: AVALOS HERNANDEZ AGUSTIN | B84: Hombre | C84: 5209AF | D84: NUEVO LEON | E84: 07-2025 | F84: 11-2025 | G84: 5 | H84: Efectivo | I84: 12-2025 | J84: RUW804C | K84: TOYOTA AVANZA | L84: DIDI
A85: AVALOS HERNANDEZ GERARDO | B85: Hombre | C85: 5793AF | D85: NUEVO LEON | E85: 09-2025 | F85: 12-2025 | G85: 2 | H85: Efectivo | I85: 02-2026 | J85: RXC633C | K85: TOYOTA AVANZA | L85: DIDI
A86: AVELINO QUEZADA ARTURO | B86: Hombre | C86: 5624AF | D86: CDMX Y AREA METROPOLITANA | E86: 08-2025 | F86: 12-2025 | G86: 4 | H86: Efectivo | I86: 01-2026 | J86: 48G299 | K86: BYD MINIDOLPHIN | L86: DIDI
A87: AVENDAÑO LOPEZ MARCELO | B87: Hombre | C87: 3972AF | D87: CDMX Y AREA METROPOLITANA | E87: 11-2024 | F87: 09-2025 | G87: 10 | H87: Pendiente | J87: D70BPN | K87: CHEVROLET AVEO | L87: UBER
A88: AVILA ALVA HECTOR RAFAEL | B88: Hombre | C88: 4196AF | D88: CDMX Y AREA METROPOLITANA | E88: 01-2025 | F88: 02-2026 | G88: 13 | H88: Pendiente | J88: M84BRD | K88: CHEVROLET AVEO | L88: UBER
A89: AVILA ANGULO OMAR | B89: Hombre | C89: 6445AF | D89: BAJA CALIFORNIA | E89: 12-2025 | F89: 04-2026 | G89: 4 | H89: Efectivo | I89: 04-2026 | J89: CBL126A | K89: CHEVROLET AVEO | L89: DIDI
A90: AVILA COLUNGA MIGUEL ESTEBAN | B90: Hombre | C90: 5086AF | D90: NUEVO LEON | E90: 06-2025 | F90: 04-2026 | G90: 10 | H90: Efectivo | I90: 04-2026 | J90: RUW785C | K90: CHEVROLET AVEO | L90: UBER
A91: AVIÑA PADILLA CARLOS AUGUSTO | B91: Hombre | C91: 5023AF | D91: JALISCO | E91: 06-2025 | F91: 10-2025 | G91: 4 | H91: Efectivo | I91: 11-2025 | J91: JAY052A | K91: CHEVROLET AVEO | L91: UBER
A92: AYALA JIMENEZ RICARDO ROBERTO | B92: Hombre | C92: 5872AF | D92: BAJA CALIFORNIA | E92: 10-2025 | F92: 04-2026 | G92: 7 | H92: Cancelado | J92: CAD713A | K92: CHEVROLET AVEO | L92: UBER
A93: AYALA SANCHEZ IGNACIO | B93: Hombre | C93: 4341AF | D93: CDMX Y AREA METROPOLITANA | E93: 02-2025 | F93: 06-2025 | G93: 4 | H93: Efectivo | I93: 07-2025 | J93: 31G717 | K93: GAC AION S | L93: UBER
A94: BADILLO PEREZ CHRISTOPHER ALEXIS | B94: Hombre | C94: 5857AF | D94: CDMX Y AREA METROPOLITANA | E94: 09-2025 | F94: 02-2026 | G94: 4 | H94: Efectivo | I94: 04-2026 | J94: 11K500 | K94: BYD MINIDOLPHIN | L94: DIDI
A95: BADILLO VALLE ZAIRA | B95: Mujer | C95: 3528AF | D95: CDMX Y AREA METROPOLITANA | E95: 07-2024 | F95: 11-2025 | G95: 16 | H95: Efectivo | I95: 12-2025 | J95: 89F764 | K95: BYD D1 | L95: UBER
A96: BALTAZAR QUIROZ FELIPE | B96: Hombre | C96: 4210AF | D96: CDMX Y AREA METROPOLITANA | E96: 01-2025 | F96: 04-2025 | G96: 2 | H96: Pendiente | J96: 62F589 | K96: GAC AION S | L96: UBER
A97: BAÑOS HERNANDEZ GERARDO | B97: Hombre | C97: 5004AF | D97: CDMX Y AREA METROPOLITANA | E97: 06-2025 | F97: 09-2025 | G97: 3 | H97: Pendiente | J97: 31G853 | K97: GAC AION S | L97: UBER
A98: BAÑUELOS MENDOZA RICARDO | B98: Hombre | C98: 4437AF | D98: CDMX Y AREA METROPOLITANA | E98: 03-2025 | F98: 09-2025 | G98: 6 | H98: Efectivo | I98: 08-2025 | J98: 31G708 | K98: GAC AION S | L98: DIDI
A99: BARON BARAHONA FRANCISCO | B99: Hombre | C99: 4570AF | D99: BAJA CALIFORNIA | E99: 04-2025 | F99: 12-2025 | G99: 8 | H99: Efectivo | I99: 12-2025 | J99: BWX659A | K99: CHEVROLET AVEO | L99: UBER
A100: BARONA RAMIREZ ANDRES ABELINO | B100: Hombre | C100: 2762AF | D100: CDMX Y AREA METROPOLITANA | E100: 09-2023 | F100: 04-2025 | G100: 18 | H100: Efectivo | I100: 04-2025 | J100: 63F847 | K100: SUZUKI ERTIGA | L100: UBER
...

Sheet Perfil Recuperados
B2: PERFIL DE AUTOS RECUPERADOS
B3: Análisis descriptivo · 978 unidades efectivamente recuperadas
B5: Total recuperados | C5: Tiempo prom. (meses) | D5: Tiempo mediano (meses) | E5: Tiempo máx (meses) | G5: HALLAZGOS CLAVE
B6: =COUNTA('recuperación efectiva'!A2:A979) -> 978 | C6: =AVERAGE('recuperación efectiva'!H2:H979) -> 8.7944785 | D6: =MEDIAN('recuperación efectiva'!H2:H979) -> 7 | E6: =MAX('recuperación efectiva'!H2:H979) -> 37 | G6: Plataforma: UBER concentra el 75% de las recuperaciones (737 vs 241 de DIDI), pero DIDI recupera más rápido en promedio (5.6 vs 9.9 meses).
G7: Sexo: 98% hombres (958) vs 2% mujeres (20). El sexo no es un factor discriminante.
B8: 1. POR PLATAFORMA | G8: Estado: CDMX y área metropolitana domina con 74% (727 unidades). Querétaro tiene los tiempos más largos (25.9 meses promedio).
B9: Plataforma | C9: Recuperados | D9: % del total | E9: Tiempo prom. (meses) | G9: Año de cosecha: factor más relevante. Cosechas 2025 se recuperan en 5.9 meses; cosechas 2022 tardan 31.5 meses. A mayor antigüedad, mayor tiempo.
B10: UBER | C10: =COUNTIF('recuperación efectiva'!M:M,B10) -> 0 | D10: =C10/$B$6 -> 0 | E10: =AVERAGEIF('recuperación efectiva'!M:M,B10,'recuperación efectiva'!H:H) -> #DIV/0!
B11: DIDI | C11: =COUNTIF('recuperación efectiva'!M:M,B11) -> 0 | D11: =C11/$B$6 -> 0 | E11: =AVERAGEIF('recuperación efectiva'!M:M,B11,'recuperación efectiva'!H:H) -> #DIV/0!
B13: 2. POR SEXO
B14: Sexo | C14: Recuperados | D14: % del total | E14: Tiempo prom. (meses)
B15: Hombre | C15: =COUNTIF('recuperación efectiva'!B:B,B15) -> 958 | D15: =C15/$B$6 -> 0.9795501 | E15: =AVERAGEIF('recuperación efectiva'!B:B,B15,'recuperación efectiva'!H:H) -> 8.8350731
B16: Mujer | C16: =COUNTIF('recuperación efectiva'!B:B,B16) -> 20 | D16: =C16/$B$6 -> 0.020449898 | E16: =AVERAGEIF('recuperación efectiva'!B:B,B16,'recuperación efectiva'!H:H) -> 6.85
B18: 3. POR ESTADO
B19: Estado | C19: Recuperados | D19: % del total | E19: Tiempo prom. (meses)
B20: CDMX Y AREA METROPOLITANA | C20: =COUNTIF('recuperación efectiva'!D:D,B20) -> 727 | D20: =C20/$B$6 -> 0.74335378 | E20: =AVERAGEIF('recuperación efectiva'!D:D,B20,'recuperación efectiva'!H:H) -> 8.3713893
B21: BAJA CALIFORNIA | C21: =COUNTIF('recuperación efectiva'!D:D,B21) -> 118 | D21: =C21/$B$6 -> 0.1206544 | E21: =AVERAGEIF('recuperación efectiva'!D:D,B21,'recuperación efectiva'!H:H) -> 9.4915254
B22: NUEVO LEON | C22: =COUNTIF('recuperación efectiva'!D:D,B22) -> 75 | D22: =C22/$B$6 -> 0.076687117 | E22: =AVERAGEIF('recuperación efectiva'!D:D,B22,'recuperación efectiva'!H:H) -> 7.2533333
B23: JALISCO | C23: =COUNTIF('recuperación efectiva'!D:D,B23) -> 50 | D23: =C23/$B$6 -> 0.051124744 | E23: =AVERAGEIF('recuperación efectiva'!D:D,B23,'recuperación efectiva'!H:H) -> 12.88
B24: QUERETARO | C24: =COUNTIF('recuperación efectiva'!D:D,B24) -> 8 | D24: =C24/$B$6 -> 0.0081799591 | E24: =AVERAGEIF('recuperación efectiva'!D:D,B24,'recuperación efectiva'!H:H) -> 25.875
B25: JALISCO
B26: 4. POR AÑO DE COSECHA
B27: Año | C27: Recuperados | D27: % del total | E27: Tiempo prom. (meses)
B28: 2022 | C28: =COUNTIF('recuperación efectiva'!F:F,B28) -> 12 | D28: =C28/$B$6 -> 0.012269939 | E28: =AVERAGEIF('recuperación efectiva'!F:F,B28,'recuperación efectiva'!H:H) -> 31.5
B29: 2023 | C29: =COUNTIF('recuperación efectiva'!F:F,B29) -> 48 | D29: =C29/$B$6 -> 0.049079755 | E29: =AVERAGEIF('recuperación efectiva'!F:F,B29,'recuperación efectiva'!H:H) -> 23.708333
B30: 2024 | C30: =COUNTIF('recuperación efectiva'!F:F,B30) -> 287 | D30: =C30/$B$6 -> 0.29345603 | E30: =AVERAGEIF('recuperación efectiva'!F:F,B30,'recuperación efectiva'!H:H) -> 11.930314
B31: 2025 | C31: =COUNTIF('recuperación efectiva'!F:F,B31) -> 612 | D31: =C31/$B$6 -> 0.62576687 | E31: =AVERAGEIF('recuperación efectiva'!F:F,B31,'recuperación efectiva'!H:H) -> 5.9101307
B32: 2026 | C32: =COUNTIF('recuperación efectiva'!F:F,B32) -> 19 | D32: =C32/$B$6 -> 0.019427403 | E32: =AVERAGEIF('recuperación efectiva'!F:F,B32,'recuperación efectiva'!H:H) -> 2.3157895
B34: 5. POR MODELO
B35: Modelo | C35: Recuperados | D35: % del total | E35: Tiempo prom. (meses)
B36: CHEVROLET AVEO | C36: =COUNTIF('recuperación efectiva'!L:L,B36) -> 0 | D36: =C36/$B$6 -> 0 | E36: =AVERAGEIF('recuperación efectiva'!L:L,B36,'recuperación efectiva'!H:H) -> #DIV/0!
B37: BYD D1 | C37: =COUNTIF('recuperación efectiva'!L:L,B37) -> 0 | D37: =C37/$B$6 -> 0 | E37: =AVERAGEIF('recuperación efectiva'!L:L,B37,'recuperación efectiva'!H:H) -> #DIV/0!
B38: GAC AION S | C38: =COUNTIF('recuperación efectiva'!L:L,B38) -> 0 | D38: =C38/$B$6 -> 0 | E38: =AVERAGEIF('recuperación efectiva'!L:L,B38,'recuperación efectiva'!H:H) -> #DIV/0!
B39: BYD MINIDOLPHIN | C39: =COUNTIF('recuperación efectiva'!L:L,B39) -> 0 | D39: =C39/$B$6 -> 0 | E39: =AVERAGEIF('recuperación efectiva'!L:L,B39,'recuperación efectiva'!H:H) -> #DIV/0!
B40: TOYOTA AVANZA | C40: =COUNTIF('recuperación efectiva'!L:L,B40) -> 0 | D40: =C40/$B$6 -> 0 | E40: =AVERAGEIF('recuperación efectiva'!L:L,B40,'recuperación efectiva'!H:H) -> #DIV/0!
B41: BYD E5 | C41: =COUNTIF('recuperación efectiva'!L:L,B41) -> 0 | D41: =C41/$B$6 -> 0 | E41: =AVERAGEIF('recuperación efectiva'!L:L,B41,'recuperación efectiva'!H:H) -> #DIV/0!
B42: SUZUKI ERTIGA | C42: =COUNTIF('recuperación efectiva'!L:L,B42) -> 0 | D42: =C42/$B$6 -> 0 | E42: =AVERAGEIF('recuperación efectiva'!L:L,B42,'recuperación efectiva'!H:H) -> #DIV/0!
B43: ATTITUDE | C43: =COUNTIF('recuperación efectiva'!L:L,B43) -> 0 | D43: =C43/$B$6 -> 0 | E43: =AVERAGEIF('recuperación efectiva'!L:L,B43,'recuperación efectiva'!H:H) -> #DIV/0!
B44: ONIX | C44: =COUNTIF('recuperación efectiva'!L:L,B44) -> 0 | D44: =C44/$B$6 -> 0 | E44: =AVERAGEIF('recuperación efectiva'!L:L,B44,'recuperación efectiva'!H:H) -> #DIV/0!
B45: IGNIS | C45: =COUNTIF('recuperación efectiva'!L:L,B45) -> 0 | D45: =C45/$B$6 -> 0 | E45: =AVERAGEIF('recuperación efectiva'!L:L,B45,'recuperación efectiva'!H:H) -> #DIV/0!
B46: RIO | C46: =COUNTIF('recuperación efectiva'!L:L,B46) -> 0 | D46: =C46/$B$6 -> 0 | E46: =AVERAGEIF('recuperación efectiva'!L:L,B46,'recuperación efectiva'!H:H) -> #DIV/0!
B47: E10X-A | C47: =COUNTIF('recuperación efectiva'!L:L,B47) -> 0 | D47: =C47/$B$6 -> 0 | E47: =AVERAGEIF('recuperación efectiva'!L:L,B47,'recuperación efectiva'!H:H) -> #DIV/0!

Sheet recuperación efectiva
A1: Cliente | B1: Sexo | C1: Contrato | D1: Estado | E1: Cosecha | F1: Año Cosecha | G1: Mes envio recuperación | H1: Meses transcurridos | I1: Estatus recuperación | J1: Mes recuperación | K1: Meses transcurridos tras recuperación efectiva | L1: Plate | M1: Modelo | N1: Plataforma
A2: . RODRIGUEZ VICENTE | B2: Hombre | C2: 2519AF | D2: BAJA CALIFORNIA | E2: 04-2023 | F2: =+YEAR(Tabla2[[#This Row],[Cosecha]]) -> 2023 | G2: 04-2026 | H2: =(YEAR(G2)-YEAR(E2))*12+(MONTH(G2)-MONTH(E2)) -> 36 | I2: Efectivo | J2: 04-2026 | K2: =(YEAR(J2)-YEAR(E2))*12+(MONTH(J2)-MONTH(E2)) -> 36 | L2: BGH042A | M2: ATTITUDE | N2: UBER
A3: . RODRIGUEZ VICENTE | B3: Hombre | C3: 6812AF | D3: BAJA CALIFORNIA | E3: 01-2026 | F3: =+YEAR(Tabla2[[#This Row],[Cosecha]]) -> 2026 | G3: 04-2026 | H3: =(YEAR(G3)-YEAR(E3))*12+(MONTH(G3)-MONTH(E3)) -> 3 | I3: Efectivo | J3: 04-2026 | K3: =(YEAR(J3)-YEAR(E3))*12+(MONTH(J3)-MONTH(E3)) -> 3 | L3: CBY512A | M3: CHEVROLET AVEO | N3: DIDI | P3: 📊 Distribución por Sexo
A4: ACEVES OSUNA FRANCISCO XAVIER | B4: Hombre | C4: 4990AF | D4: BAJA CALIFORNIA | E4: 06-2025 | F4: =+YEAR(Tabla2[[#This Row],[Cosecha]]) -> 2025 | G4: 03-2026 | H4: =(YEAR(G4)-YEAR(E4))*12+(MONTH(G4)-MONTH(E4)) -> 9 | I4: Efectivo | J4: 03-2026 | K4: =(YEAR(J4)-YEAR(E4))*12+(MONTH(J4)-MONTH(E4)) -> 9 | L4: BYG580A | M4: CHEVROLET AVEO | N4: UBER | P4: Sexo | Q4: Cantidad | R4: Avg. Meses transcurridos
A5: ACOSTA CALDERON FERNANDO | B5: Hombre | C5: 3908AF | D5: CDMX Y AREA METROPOLITANA | E5: 10-2024 | F5: =+YEAR(Tabla2[[#This Row],[Cosecha]]) -> 2024 | G5: 10-2025 | H5: =(YEAR(G5)-YEAR(E5))*12+(MONTH(G5)-MONTH(E5)) -> 12 | I5: Efectivo | J5: 11-2025 | K5: =(YEAR(J5)-YEAR(E5))*12+(MONTH(J5)-MONTH(E5)) -> 13 | L5: C34BPX | M5: TOYOTA AVANZA | N5: UBER | P5: Hombre | Q5: =COUNTIF(B:B,"Hombre") -> 958 | R5: =+ROUND(AVERAGEIF(B:B,Tabla3[[#This Row],[Sexo]],H:H),0) -> 9
A6: ADAME SALINAS MICHEL ALBERTO | B6: Hombre | C6: 4523AF | D6: CDMX Y AREA METROPOLITANA | E6: 03-2025 | F6: =+YEAR(Tabla2[[#This Row],[Cosecha]]) -> 2025 | G6: 11-2025 | H6: =(YEAR(G6)-YEAR(E6))*12+(MONTH(G6)-MONTH(E6)) -> 8 | I6: Efectivo | J6: 11-2025 | K6: =(YEAR(J6)-YEAR(E6))*12+(MONTH(J6)-MONTH(E6)) -> 8 | L6: 39G976 | M6: GAC AION S | N6: UBER | P6: Mujer | Q6: =COUNTIF(B:B,"Mujer") -> 20 | R6: =+ROUND(AVERAGEIF(B:B,Tabla3[[#This Row],[Sexo]],H:H),0) -> 7
A7: ADAME TRUJILLO CHRISTIAN ARIEL | B7: Hombre | C7: 4399AF | D7: CDMX Y AREA METROPOLITANA | E7: 02-2025 | F7: =+YEAR(Tabla2[[#This Row],[Cosecha]]) -> 2025 | G7: 01-2026 | H7: =(YEAR(G7)-YEAR(E7))*12+(MONTH(G7)-MONTH(E7)) -> 11 | I7: Efectivo | J7: 02-2026 | K7: =(YEAR(J7)-YEAR(E7))*12+(MONTH(J7)-MONTH(E7)) -> 12 | L7: 31G452 | M7: GAC AION S | N7: UBER
A8: AGAMA MEJIA ARTEMIO | B8: Hombre | C8: 5022AF | D8: CDMX Y AREA METROPOLITANA | E8: 06-2025 | F8: =+YEAR(Tabla2[[#This Row],[Cosecha]]) -> 2025 | G8: 03-2026 | H8: =(YEAR(G8)-YEAR(E8))*12+(MONTH(G8)-MONTH(E8)) -> 9 | I8: Efectivo | J8: 03-2026 | K8: =(YEAR(J8)-YEAR(E8))*12+(MONTH(J8)-MONTH(E8)) -> 9 | L8: D96BRR | M8: CHEVROLET AVEO | N8: UBER
A9: AGUILAR GONZALEZ MARCO ANTONIO | B9: Hombre | C9: 5011AF | D9: CDMX Y AREA METROPOLITANA | E9: 06-2025 | F9: =+YEAR(Tabla2[[#This Row],[Cosecha]]) -> 2025 | G9: 03-2026 | H9: =(YEAR(G9)-YEAR(E9))*12+(MONTH(G9)-MONTH(E9)) -> 9 | I9: Efectivo | J9: 04-2026 | K9: =(YEAR(J9)-YEAR(E9))*12+(MONTH(J9)-MONTH(E9)) -> 10 | L9: A84BMP | M9: CHEVROLET AVEO | N9: UBER
A10: AGUILAR GONZALEZ MIGUEL ANGEL | B10: Hombre | C10: 3889AF | D10: BAJA CALIFORNIA | E10: 10-2024 | F10: =+YEAR(Tabla2[[#This Row],[Cosecha]]) -> 2024 | G10: 06-2025 | H10: =(YEAR(G10)-YEAR(E10))*12+(MONTH(G10)-MONTH(E10)) -> 8 | I10: Efectivo | J10: 07-2025 | K10: =(YEAR(J10)-YEAR(E10))*12+(MONTH(J10)-MONTH(E10)) -> 9 | L10: BSG377A | M10: CHEVROLET AVEO | N10: UBER
A11: AGUILAR REZA DIEGO ABRAHAM | B11: Hombre | C11: 6245AF | D11: CDMX Y AREA METROPOLITANA | E11: 11-2025 | F11: =+YEAR(Tabla2[[#This Row],[Cosecha]]) -> 2025 | G11: 04-2026 | H11: =(YEAR(G11)-YEAR(E11))*12+(MONTH(G11)-MONTH(E11)) -> 5 | I11: Efectivo | J11: 05-2026 | K11: =(YEAR(J11)-YEAR(E11))*12+(MONTH(J11)-MONTH(E11)) -> 6 | L11: 62G480 | M11: BYD E5 | N11: UBER
A12: AGUILAR TREJO ADAN | B12: Hombre | C12: 5909AF | D12: BAJA CALIFORNIA | E12: 10-2025 | F12: =+YEAR(Tabla2[[#This Row],[Cosecha]]) -> 2025 | G12: 04-2026 | H12: =(YEAR(G12)-YEAR(E12))*12+(MONTH(G12)-MONTH(E12)) -> 6 | I12: Efectivo | J12: 04-2026 | K12: =(YEAR(J12)-YEAR(E12))*12+(MONTH(J12)-MONTH(E12)) -> 6 | L12: CAJ035A | M12: CHEVROLET AVEO | N12: DIDI
A13: AGUILAR VERA OSCAR MAURICIO | B13: Hombre | C13: 4247AF | D13: JALISCO | E13: 01-2025 | F13: =+YEAR(Tabla2[[#This Row],[Cosecha]]) -> 2025 | G13: 11-2025 | H13: =(YEAR(G13)-YEAR(E13))*12+(MONTH(G13)-MONTH(E13)) -> 10 | I13: Efectivo | J13: 03-2026 | K13: =(YEAR(J13)-YEAR(E13))*12+(MONTH(J13)-MONTH(E13)) -> 14 | L13: HWS688A | M13: CHEVROLET AVEO | N13: UBER
A14: AGUIRRE AVALOS CARLOS ALBERTO | B14: Hombre | C14: 4078AF | D14: JALISCO | E14: 12-2024 | F14: =+YEAR(Tabla2[[#This Row],[Cosecha]]) -> 2024 | G14: 01-2026 | H14: =(YEAR(G14)-YEAR(E14))*12+(MONTH(G14)-MONTH(E14)) -> 13 | I14: Efectivo | J14: 01-2026 | K14: =(YEAR(J14)-YEAR(E14))*12+(MONTH(J14)-MONTH(E14)) -> 13 | L14: HWS689A | M14: CHEVROLET AVEO | N14: UBER
A15: AGUIRRE VELAZQUEZ MARIA ANTONIETA | B15: Mujer | C15: 6862AF | D15: CDMX Y AREA METROPOLITANA | E15: 01-2026 | F15: =+YEAR(Tabla2[[#This Row],[Cosecha]]) -> 2026 | G15: 02-2026 | H15: =(YEAR(G15)-YEAR(E15))*12+(MONTH(G15)-MONTH(E15)) -> 1 | I15: Efectivo | J15: 02-2026 | K15: =(YEAR(J15)-YEAR(E15))*12+(MONTH(J15)-MONTH(E15)) -> 1 | L15: 29G385 | M15: GAC AION S | N15: UBER | P15: 📍 Distribución por Estado
A16: AGUIRRE ZAZUETA XIUMARA SERAIN | B16: Mujer | C16: 5875AF | D16: NUEVO LEON | E16: 10-2025 | F16: =+YEAR(Tabla2[[#This Row],[Cosecha]]) -> 2025 | G16: 02-2026 | H16: =(YEAR(G16)-YEAR(E16))*12+(MONTH(G16)-MONTH(E16)) -> 4 | I16: Efectivo | J16: 02-2026 | K16: =(YEAR(J16)-YEAR(E16))*12+(MONTH(J16)-MONTH(E16)) -> 4 | L16: RXW058C | M16: CHEVROLET AVEO | N16: DIDI | P16: Estado | Q16: Cantidad | R16: Avg. Meses transcurridos
A17: ALAMILLO CONTRERAS DANIEL | B17: Hombre | C17: 4082AF | D17: NUEVO LEON | E17: 12-2024 | F17: =+YEAR(Tabla2[[#This Row],[Cosecha]]) -> 2024 | G17: 04-2026 | H17: =(YEAR(G17)-YEAR(E17))*12+(MONTH(G17)-MONTH(E17)) -> 16 | I17: Efectivo | J17: 04-2026 | K17: =(YEAR(J17)-YEAR(E17))*12+(MONTH(J17)-MONTH(E17)) -> 16 | L17: TFP758B | M17: CHEVROLET AVEO | N17: UBER | P17: QUERETARO | Q17: =COUNTIF(D:D,Tabla35[[#This Row],[Estado]]) -> 8 | R17: =+ROUND(AVERAGEIF(D:D,Tabla35[[#This Row],[Estado]],H:H),0) -> 26
A18: ALANIS ARELLANO LUIS GERARDO | B18: Hombre | C18: 5589AF | D18: NUEVO LEON | E18: 08-2025 | F18: =+YEAR(Tabla2[[#This Row],[Cosecha]]) -> 2025 | G18: 04-2026 | H18: =(YEAR(G18)-YEAR(E18))*12+(MONTH(G18)-MONTH(E18)) -> 8 | I18: Efectivo | J18: 04-2026 | K18: =(YEAR(J18)-YEAR(E18))*12+(MONTH(J18)-MONTH(E18)) -> 8 | L18: RWL277C | M18: TOYOTA AVANZA | N18: DIDI | P18: JALISCO | Q18: =COUNTIF(D:D,Tabla35[[#This Row],[Estado]]) -> 50 | R18: =+ROUND(AVERAGEIF(D:D,Tabla35[[#This Row],[Estado]],H:H),0) -> 13
A19: ALANIS SANTILLAN VICTOR MANUEL | B19: Hombre | C19: 4282AF | D19: CDMX Y AREA METROPOLITANA | E19: 02-2025 | F19: =+YEAR(Tabla2[[#This Row],[Cosecha]]) -> 2025 | G19: 04-2026 | H19: =(YEAR(G19)-YEAR(E19))*12+(MONTH(G19)-MONTH(E19)) -> 14 | I19: Efectivo | J19: 04-2026 | K19: =(YEAR(J19)-YEAR(E19))*12+(MONTH(J19)-MONTH(E19)) -> 14 | L19: R25BRD | M19: CHEVROLET AVEO | N19: UBER | P19: BAJA CALIFORNIA | Q19: =COUNTIF(D:D,Tabla35[[#This Row],[Estado]]) -> 118 | R19: =+ROUND(AVERAGEIF(D:D,Tabla35[[#This Row],[Estado]],H:H),0) -> 9
A20: ALARCON MARTINEZ ABRAHAM DANIEL | B20: Hombre | C20: 4771AF | D20: CDMX Y AREA METROPOLITANA | E20: 05-2025 | F20: =+YEAR(Tabla2[[#This Row],[Cosecha]]) -> 2025 | G20: 01-2026 | H20: =(YEAR(G20)-YEAR(E20))*12+(MONTH(G20)-MONTH(E20)) -> 8 | I20: Efectivo | J20: 02-2026 | K20: =(YEAR(J20)-YEAR(E20))*12+(MONTH(J20)-MONTH(E20)) -> 9 | L20: E68BRR | M20: CHEVROLET AVEO | N20: DIDI | P20: CDMX Y AREA METROPOLITANA | Q20: =COUNTIF(D:D,Tabla35[[#This Row],[Estado]]) -> 727 | R20: =+ROUND(AVERAGEIF(D:D,Tabla35[[#This Row],[Estado]],H:H),0) -> 8
A21: ALCALA NOVEROLA MARIO JONATHAN | B21: Hombre | C21: 5784AF | D21: CDMX Y AREA METROPOLITANA | E21: 09-2025 | F21: =+YEAR(Tabla2[[#This Row],[Cosecha]]) -> 2025 | G21: 02-2026 | H21: =(YEAR(G21)-YEAR(E21))*12+(MONTH(G21)-MONTH(E21)) -> 5 | I21: Efectivo | J21: 02-2026 | K21: =(YEAR(J21)-YEAR(E21))*12+(MONTH(J21)-MONTH(E21)) -> 5 | L21: 10K823 | M21: BYD MINIDOLPHIN | N21: UBER | P21: NUEVO LEON | Q21: =COUNTIF(D:D,Tabla35[[#This Row],[Estado]]) -> 75 | R21: =+ROUND(AVERAGEIF(D:D,Tabla35[[#This Row],[Estado]],H:H),0) -> 7
A22: ALCANTAR SILVA ARMANDO | B22: Hombre | C22: 2745AF | D22: BAJA CALIFORNIA | E22: 09-2023 | F22: =+YEAR(Tabla2[[#This Row],[Cosecha]]) -> 2023 | G22: 06-2025 | H22: =(YEAR(G22)-YEAR(E22))*12+(MONTH(G22)-MONTH(E22)) -> 21 | I22: Efectivo | J22: 06-2025 | K22: =(YEAR(J22)-YEAR(E22))*12+(MONTH(J22)-MONTH(E22)) -> 21 | L22: BJX359A | M22: CHEVROLET AVEO | N22: UBER
A23: ALCANTARA SANCHEZ ENRIQUE ABRAHAM | B23: Hombre | C23: 5800AF | D23: CDMX Y AREA METROPOLITANA | E23: 09-2025 | F23: =+YEAR(Tabla2[[#This Row],[Cosecha]]) -> 2025 | G23: 05-2026 | H23: =(YEAR(G23)-YEAR(E23))*12+(MONTH(G23)-MONTH(E23)) -> 8 | I23: Efectivo | J23: 05-2026 | K23: =(YEAR(J23)-YEAR(E23))*12+(MONTH(J23)-MONTH(E23)) -> 8 | L23: 10K840 | M23: BYD MINIDOLPHIN | N23: UBER
A24: ALCANTARA SEGURA JUAN | B24: Hombre | C24: 4370AF | D24: CDMX Y AREA METROPOLITANA | E24: 02-2025 | F24: =+YEAR(Tabla2[[#This Row],[Cosecha]]) -> 2025 | G24: 06-2025 | H24: =(YEAR(G24)-YEAR(E24))*12+(MONTH(G24)-MONTH(E24)) -> 4 | I24: Efectivo | J24: 06-2025 | K24: =(YEAR(J24)-YEAR(E24))*12+(MONTH(J24)-MONTH(E24)) -> 4 | L24: 19G586 | M24: BYD D1 | N24: UBER
A25: ALCIBAR PEÑA DANIEL | B25: Hombre | C25: 4368AF | D25: CDMX Y AREA METROPOLITANA | E25: 02-2025 | F25: =+YEAR(Tabla2[[#This Row],[Cosecha]]) -> 2025 | G25: 04-2025 | H25: =(YEAR(G25)-YEAR(E25))*12+(MONTH(G25)-MONTH(E25)) -> 2 | I25: Efectivo | J25: 05-2025 | K25: =(YEAR(J25)-YEAR(E25))*12+(MONTH(J25)-MONTH(E25)) -> 3 | L25: 31G788 | M25: GAC AION S | N25: DIDI
A26: ALDANA RUIZ ISRAEL | B26: Hombre | C26: 5409AF | D26: CDMX Y AREA METROPOLITANA | E26: 07-2025 | F26: =+YEAR(Tabla2[[#This Row],[Cosecha]]) -> 2025 | G26: 03-2026 | H26: =(YEAR(G26)-YEAR(E26))*12+(MONTH(G26)-MONTH(E26)) -> 8 | I26: Efectivo | J26: 03-2026 | K26: =(YEAR(J26)-YEAR(E26))*12+(MONTH(J26)-MONTH(E26)) -> 8 | L26: 48G145 | M26: BYD MINIDOLPHIN | N26: DIDI
A27: ALFARO MARTINEZ LUIS ENRIQUE | B27: Hombre | C27: 3767AF | D27: CDMX Y AREA METROPOLITANA | E27: 09-2024 | F27: =+YEAR(Tabla2[[#This Row],[Cosecha]]) -> 2024 | G27: 04-2025 | H27: =(YEAR(G27)-YEAR(E27))*12+(MONTH(G27)-MONTH(E27)) -> 7 | I27: Efectivo | J27: 04-2025 | K27: =(YEAR(J27)-YEAR(E27))*12+(MONTH(J27)-MONTH(E27)) -> 7 | L27: 05G231 | M27: BYD D1 | N27: UBER
A28: ALMANZA VITE OCTAVIO DAMIAN | B28: Hombre | C28: 4506AF | D28: CDMX Y AREA METROPOLITANA | E28: 03-2025 | F28: =+YEAR(Tabla2[[#This Row],[Cosecha]]) -> 2025 | G28: 06-2025 | H28: =(YEAR(G28)-YEAR(E28))*12+(MONTH(G28)-MONTH(E28)) -> 3 | I28: Efectivo | J28: 06-2025 | K28: =(YEAR(J28)-YEAR(E28))*12+(MONTH(J28)-MONTH(E28)) -> 3 | L28: Y47BNL | M28: CHEVROLET AVEO | N28: UBER
A29: ALONSO ALONSO ROSA CARMEN | B29: Mujer | C29: 4904AF | D29: NUEVO LEON | E29: 05-2025 | F29: =+YEAR(Tabla2[[#This Row],[Cosecha]]) -> 2025 | G29: 07-2025 | H29: =(YEAR(G29)-YEAR(E29))*12+(MONTH(G29)-MONTH(E29)) -> 2 | I29: Efectivo | J29: 08-2025 | K29: =(YEAR(J29)-YEAR(E29))*12+(MONTH(J29)-MONTH(E29)) -> 3 | L29: RUB750C | M29: TOYOTA AVANZA | N29: DIDI
A30: ALONSO DEL ANGEL ALEJANDRO | B30: Hombre | C30: 4167AF | D30: CDMX Y AREA METROPOLITANA | E30: 12-2024 | F30: =+YEAR(Tabla2[[#This Row],[Cosecha]]) -> 2024 | G30: 03-2026 | H30: =(YEAR(G30)-YEAR(E30))*12+(MONTH(G30)-MONTH(E30)) -> 15 | I30: Efectivo | J30: 04-2026 | K30: =(YEAR(J30)-YEAR(E30))*12+(MONTH(J30)-MONTH(E30)) -> 16 | L30: 19G518 | M30: BYD D1 | N30: UBER | P30: 📅 Meses Transcurridos por Año
A31: ALVA RAMIREZ GABRIEL ALEJANDRO | B31: Hombre | C31: 6507AF | D31: JALISCO | E31: 12-2025 | F31: =+YEAR(Tabla2[[#This Row],[Cosecha]]) -> 2025 | G31: 03-2026 | H31: =(YEAR(G31)-YEAR(E31))*12+(MONTH(G31)-MONTH(E31)) -> 3 | I31: Efectivo | J31: 03-2026 | K31: =(YEAR(J31)-YEAR(E31))*12+(MONTH(J31)-MONTH(E31)) -> 3 | L31: KDM116A | M31: TOYOTA AVANZA | N31: UBER | P31: Año Cosecha | Q31: Avg. Meses transcurridos | R31: Max. Meses transcurridos | S31: Min. Meses transcurridos
A32: ALVARADO CERVANTES JONATHAN JACOB | B32: Hombre | C32: 4571AF | D32: BAJA CALIFORNIA | E32: 04-2025 | F32: =+YEAR(Tabla2[[#This Row],[Cosecha]]) -> 2025 | G32: 09-2025 | H32: =(YEAR(G32)-YEAR(E32))*12+(MONTH(G32)-MONTH(E32)) -> 5 | I32: Efectivo | J32: 10-2025 | K32: =(YEAR(J32)-YEAR(E32))*12+(MONTH(J32)-MONTH(E32)) -> 6 | L32: BWX672A | M32: CHEVROLET AVEO | N32: UBER | P32: 2022 | Q32: =+ROUND(AVERAGEIF(Tabla2[Año Cosecha],P32,Tabla2[Meses transcurridos]),0) -> 32 | R32: =_xlfn.MAXIFS(Tabla2[Meses transcurridos],Tabla2[Año Cosecha],P32) -> 36 | S32: =_xlfn.MINIFS(Tabla2[Meses transcurridos],Tabla2[Año Cosecha],P32) -> 26
A33: ALVARADO DE LA ROCHA CARLOS ALBERTO | B33: Hombre | C33: 3962AF | D33: CDMX Y AREA METROPOLITANA | E33: 11-2024 | F33: =+YEAR(Tabla2[[#This Row],[Cosecha]]) -> 2024 | G33: 12-2025 | H33: =(YEAR(G33)-YEAR(E33))*12+(MONTH(G33)-MONTH(E33)) -> 13 | I33: Efectivo | J33: 01-2026 | K33: =(YEAR(J33)-YEAR(E33))*12+(MONTH(J33)-MONTH(E33)) -> 14 | L33: 13G727 | M33: BYD D1 | N33: UBER | P33: 2023 | Q33: =+ROUND(AVERAGEIF(Tabla2[Año Cosecha],P33,Tabla2[Meses transcurridos]),0) -> 24 | R33: =_xlfn.MAXIFS(Tabla2[Meses transcurridos],Tabla2[Año Cosecha],P33) -> 37 | S33: =_xlfn.MINIFS(Tabla2[Meses transcurridos],Tabla2[Año Cosecha],P33) -> 13
A34: ALVARADO DIAZ ADRIAN | B34: Hombre | C34: 4125AF | D34: CDMX Y AREA METROPOLITANA | E34: 12-2024 | F34: =+YEAR(Tabla2[[#This Row],[Cosecha]]) -> 2024 | G34: 07-2025 | H34: =(YEAR(G34)-YEAR(E34))*12+(MONTH(G34)-MONTH(E34)) -> 7 | I34: Efectivo | J34: 08-2025 | K34: =(YEAR(J34)-YEAR(E34))*12+(MONTH(J34)-MONTH(E34)) -> 8 | L34: 19G588 | M34: BYD D1 | N34: UBER | P34: 2024 | Q34: =+ROUND(AVERAGEIF(Tabla2[Año Cosecha],P34,Tabla2[Meses transcurridos]),0) -> 12 | R34: =_xlfn.MAXIFS(Tabla2[Meses transcurridos],Tabla2[Año Cosecha],P34) -> 27 | S34: =_xlfn.MINIFS(Tabla2[Meses transcurridos],Tabla2[Año Cosecha],P34) -> 1
A35: ALVARADO FLORES ERIK | B35: Hombre | C35: 3871AF | D35: CDMX Y AREA METROPOLITANA | E35: 10-2024 | F35: =+YEAR(Tabla2[[#This Row],[Cosecha]]) -> 2024 | G35: 09-2025 | H35: =(YEAR(G35)-YEAR(E35))*12+(MONTH(G35)-MONTH(E35)) -> 11 | I35: Efectivo | J35: 09-2025 | K35: =(YEAR(J35)-YEAR(E35))*12+(MONTH(J35)-MONTH(E35)) -> 11 | L35: E10BPT | M35: TOYOTA AVANZA | N35: UBER | P35: 2025 | Q35: =+ROUND(AVERAGEIF(Tabla2[Año Cosecha],P35,Tabla2[Meses transcurridos]),0) -> 6 | R35: =_xlfn.MAXIFS(Tabla2[Meses transcurridos],Tabla2[Año Cosecha],P35) -> 15 | S35: =_xlfn.MINIFS(Tabla2[Meses transcurridos],Tabla2[Año Cosecha],P35) -> 0
A36: ALVARADO JUAREZ LUIS ADAN | B36: Hombre | C36: 5633AF | D36: CDMX Y AREA METROPOLITANA | E36: 08-2025 | F36: =+YEAR(Tabla2[[#This Row],[Cosecha]]) -> 2025 | G36: 04-2026 | H36: =(YEAR(G36)-YEAR(E36))*12+(MONTH(G36)-MONTH(E36)) -> 8 | I36: Efectivo | J36: 04-2026 | K36: =(YEAR(J36)-YEAR(E36))*12+(MONTH(J36)-MONTH(E36)) -> 8 | L36: 48G289 | M36: BYD MINIDOLPHIN | N36: UBER | P36: 2026 | Q36: =+ROUND(AVERAGEIF(Tabla2[Año Cosecha],P36,Tabla2[Meses transcurridos]),0) -> 2 | R36: =_xlfn.MAXIFS(Tabla2[Meses transcurridos],Tabla2[Año Cosecha],P36) -> 4 | S36: =_xlfn.MINIFS(Tabla2[Meses transcurridos],Tabla2[Año Cosecha],P36) -> 1
A37: ALVARADO MARTINEZ ENRIQUE ALFREDO | B37: Hombre | C37: 6374AF | D37: NUEVO LEON | E37: 11-2025 | F37: =+YEAR(Tabla2[[#This Row],[Cosecha]]) -> 2025 | G37: 03-2026 | H37: =(YEAR(G37)-YEAR(E37))*12+(MONTH(G37)-MONTH(E37)) -> 4 | I37: Efectivo | J37: 03-2026 | K37: =(YEAR(J37)-YEAR(E37))*12+(MONTH(J37)-MONTH(E37)) -> 4 | L37: RYJ862C | M37: TOYOTA AVANZA | N37: UBER | P37: Promedio | Q37: =+AVERAGE(Q32:Q36) -> 15.2 | R37: =+AVERAGE(R32:R36) -> 23.8 | S37: =+AVERAGE(S32:S36) -> 8.2
A38: ALVARADO ORDUÑA LUIS | B38: Hombre | C38: 4252AF | D38: CDMX Y AREA METROPOLITANA | E38: 01-2025 | F38: =+YEAR(Tabla2[[#This Row],[Cosecha]]) -> 2025 | G38: 03-2026 | H38: =(YEAR(G38)-YEAR(E38))*12+(MONTH(G38)-MONTH(E38)) -> 14 | I38: Efectivo | J38: 03-2026 | K38: =(YEAR(J38)-YEAR(E38))*12+(MONTH(J38)-MONTH(E38)) -> 14 | L38: A08BNM | M38: CHEVROLET AVEO | N38: UBER
A39: ALVAREZ BARROSO LUIS ARTURO | B39: Hombre | C39: 5379AF | D39: CDMX Y AREA METROPOLITANA | E39: 07-2025 | F39: =+YEAR(Tabla2[[#This Row],[Cosecha]]) -> 2025 | G39: 01-2026 | H39: =(YEAR(G39)-YEAR(E39))*12+(MONTH(G39)-MONTH(E39)) -> 6 | I39: Efectivo | J39: 01-2026 | K39: =(YEAR(J39)-YEAR(E39))*12+(MONTH(J39)-MONTH(E39)) -> 6 | L39: 48G159 | M39: BYD MINIDOLPHIN | N39: UBER | P39: Año Cosecha | Q39: Cantidad
A40: ALVAREZ BONES OSVALDO | B40: Hombre | C40: 4899AF | D40: CDMX Y AREA METROPOLITANA | E40: 05-2025 | F40: =+YEAR(Tabla2[[#This Row],[Cosecha]]) -> 2025 | G40: 11-2025 | H40: =(YEAR(G40)-YEAR(E40))*12+(MONTH(G40)-MONTH(E40)) -> 6 | I40: Efectivo | J40: 11-2025 | K40: =(YEAR(J40)-YEAR(E40))*12+(MONTH(J40)-MONTH(E40)) -> 6 | L40: 13G735 | M40: BYD D1 | N40: UBER | P40: 2022 | Q40: =COUNTIF(F:F,P40) -> 12
A41: ALVAREZ HUIPE GABINO | B41: Hombre | C41: 5933AF | D41: BAJA CALIFORNIA | E41: 10-2025 | F41: =+YEAR(Tabla2[[#This Row],[Cosecha]]) -> 2025 | G41: 02-2026 | H41: =(YEAR(G41)-YEAR(E41))*12+(MONTH(G41)-MONTH(E41)) -> 4 | I41: Efectivo | J41: 03-2026 | K41: =(YEAR(J41)-YEAR(E41))*12+(MONTH(J41)-MONTH(E41)) -> 5 | L41: BVG822A | M41: CHEVROLET AVEO | N41: UBER | P41: 2023 | Q41: =COUNTIF(F:F,P41) -> 48
A42: ALVAREZ RAMIREZ JUAN LUIS | B42: Hombre | C42: 4021AF | D42: CDMX Y AREA METROPOLITANA | E42: 11-2024 | F42: =+YEAR(Tabla2[[#This Row],[Cosecha]]) -> 2024 | G42: 09-2025 | H42: =(YEAR(G42)-YEAR(E42))*12+(MONTH(G42)-MONTH(E42)) -> 10 | I42: Efectivo | J42: 10-2025 | K42: =(YEAR(J42)-YEAR(E42))*12+(MONTH(J42)-MONTH(E42)) -> 11 | L42: 13G876 | M42: BYD D1 | N42: DIDI | P42: 2024 | Q42: =COUNTIF(F:F,P42) -> 287
A43: ALVAREZ RUIZ JOSE JOEL | B43: Hombre | C43: 6555AF | D43: BAJA CALIFORNIA | E43: 12-2025 | F43: =+YEAR(Tabla2[[#This Row],[Cosecha]]) -> 2025 | G43: 03-2026 | H43: =(YEAR(G43)-YEAR(E43))*12+(MONTH(G43)-MONTH(E43)) -> 3 | I43: Efectivo | J43: 03-2026 | K43: =(YEAR(J43)-YEAR(E43))*12+(MONTH(J43)-MONTH(E43)) -> 3 | L43: CBL128A | M43: CHEVROLET AVEO | N43: DIDI | P43: 2025 | Q43: =COUNTIF(F:F,P43) -> 612
A44: AMARO CARRILLO ABEL | B44: Hombre | C44: 5694AF | D44: CDMX Y AREA METROPOLITANA | E44: 09-2025 | F44: =+YEAR(Tabla2[[#This Row],[Cosecha]]) -> 2025 | G44: 04-2026 | H44: =(YEAR(G44)-YEAR(E44))*12+(MONTH(G44)-MONTH(E44)) -> 7 | I44: Efectivo | J44: 04-2026 | K44: =(YEAR(J44)-YEAR(E44))*12+(MONTH(J44)-MONTH(E44)) -> 7 | L44: 09K866 | M44: GAC AION S | N44: UBER | P44: 2026 | Q44: =COUNTIF(F:F,P44) -> 19
A45: AMAYA HUERTA ERIK ALFREDO | B45: Hombre | C45: 5531AF | D45: CDMX Y AREA METROPOLITANA | E45: 08-2025 | F45: =+YEAR(Tabla2[[#This Row],[Cosecha]]) -> 2025 | G45: 04-2026 | H45: =(YEAR(G45)-YEAR(E45))*12+(MONTH(G45)-MONTH(E45)) -> 8 | I45: Efectivo | J45: 05-2026 | K45: =(YEAR(J45)-YEAR(E45))*12+(MONTH(J45)-MONTH(E45)) -> 9 | L45: 48G183 | M45: BYD MINIDOLPHIN | N45: UBER | P45: Total | Q45: =+SUM(Q40:Q44) -> 978
A46: ANGELES GARCIA JOSE EDUARDO | B46: Hombre | C46: 5661AF | D46: CDMX Y AREA METROPOLITANA | E46: 09-2025 | F46: =+YEAR(Tabla2[[#This Row],[Cosecha]]) -> 2025 | G46: 04-2026 | H46: =(YEAR(G46)-YEAR(E46))*12+(MONTH(G46)-MONTH(E46)) -> 7 | I46: Efectivo | J46: 05-2026 | K46: =(YEAR(J46)-YEAR(E46))*12+(MONTH(J46)-MONTH(E46)) -> 8 | L46: 31G794 | M46: GAC AION S | N46: DIDI
A47: APARICIO GALENO HERIBERTO | B47: Hombre | C47: 4152AF | D47: CDMX Y AREA METROPOLITANA | E47: 12-2024 | F47: =+YEAR(Tabla2[[#This Row],[Cosecha]]) -> 2024 | G47: 02-2026 | H47: =(YEAR(G47)-YEAR(E47))*12+(MONTH(G47)-MONTH(E47)) -> 14 | I47: Efectivo | J47: 02-2026 | K47: =(YEAR(J47)-YEAR(E47))*12+(MONTH(J47)-MONTH(E47)) -> 14 | L47: 81F233 | M47: SUZUKI ERTIGA | N47: UBER
A48: AQUINO LOPEZ TOMAS | B48: Hombre | C48: 3319AF | D48: BAJA CALIFORNIA | E48: 05-2024 | F48: =+YEAR(Tabla2[[#This Row],[Cosecha]]) -> 2024 | G48: 12-2025 | H48: =(YEAR(G48)-YEAR(E48))*12+(MONTH(G48)-MONTH(E48)) -> 19 | I48: Efectivo | J48: 01-2026 | K48: =(YEAR(J48)-YEAR(E48))*12+(MONTH(J48)-MONTH(E48)) -> 20 | L48: BPC077A | M48: CHEVROLET AVEO | N48: UBER
A49: ARELLANO CERVANTES JUAN PABLO | B49: Hombre | C49: 3454AF | D49: JALISCO | E49: 07-2024 | F49: =+YEAR(Tabla2[[#This Row],[Cosecha]]) -> 2024 | G49: 12-2025 | H49: =(YEAR(G49)-YEAR(E49))*12+(MONTH(G49)-MONTH(E49)) -> 17 | I49: Efectivo | J49: 01-2026 | K49: =(YEAR(J49)-YEAR(E49))*12+(MONTH(J49)-MONTH(E49)) -> 18 | L49: HWE170A | M49: CHEVROLET AVEO | N49: UBER
A50: ARENAS MACIAS RICARDO | B50: Hombre | C50: 2149AF | D50: JALISCO | E50: 06-2022 | F50: =+YEAR(Tabla2[[#This Row],[Cosecha]]) -> 2022 | G50: 04-2025 | H50: =(YEAR(G50)-YEAR(E50))*12+(MONTH(G50)-MONTH(E50)) -> 34 | I50: Efectivo | J50: 05-2025 | K50: =(YEAR(J50)-YEAR(E50))*12+(MONTH(J50)-MONTH(E50)) -> 35 | L50: JSX3949 | M50: CHEVROLET AVEO | N50: UBER
A51: AREVALO DATTOLI RAFAEL | B51: Hombre | C51: 6243AF | D51: CDMX Y AREA METROPOLITANA | E51: 11-2025 | F51: =+YEAR(Tabla2[[#This Row],[Cosecha]]) -> 2025 | G51: 02-2026 | H51: =(YEAR(G51)-YEAR(E51))*12+(MONTH(G51)-MONTH(E51)) -> 3 | I51: Efectivo | J51: 04-2026 | K51: =(YEAR(J51)-YEAR(E51))*12+(MONTH(J51)-MONTH(E51)) -> 5 | L51: 62G237 | M51: BYD E5 | N51: UBER
A52: ARIAS CABRERA LUIS ALBERTO | B52: Hombre | C52: 3140AF | D52: CDMX Y AREA METROPOLITANA | E52: 03-2024 | F52: =+YEAR(Tabla2[[#This Row],[Cosecha]]) -> 2024 | G52: 03-2026 | H52: =(YEAR(G52)-YEAR(E52))*12+(MONTH(G52)-MONTH(E52)) -> 24 | I52: Efectivo | J52: 05-2026 | K52: =(YEAR(J52)-YEAR(E52))*12+(MONTH(J52)-MONTH(E52)) -> 26 | L52: 84F061 | M52: BYD D1 | N52: UBER
A53: ARREDONDO SOLORIO JUAN ALBERTO | B53: Hombre | C53: 4107AF | D53: CDMX Y AREA METROPOLITANA | E53: 12-2024 | F53: =+YEAR(Tabla2[[#This Row],[Cosecha]]) -> 2024 | G53: 04-2026 | H53: =(YEAR(G53)-YEAR(E53))*12+(MONTH(G53)-MONTH(E53)) -> 16 | I53: Efectivo | J53: 04-2026 | K53: =(YEAR(J53)-YEAR(E53))*12+(MONTH(J53)-MONTH(E53)) -> 16 | L53: 19G469 | M53: BYD D1 | N53: UBER
A54: ARREDONDO VILLANUEVA JORGE DAMIAN | B54: Hombre | C54: 4154AF | D54: CDMX Y AREA METROPOLITANA | E54: 12-2024 | F54: =+YEAR(Tabla2[[#This Row],[Cosecha]]) -> 2024 | G54: 01-2025 | H54: =(YEAR(G54)-YEAR(E54))*12+(MONTH(G54)-MONTH(E54)) -> 1 | I54: Efectivo | J54: 02-2025 | K54: =(YEAR(J54)-YEAR(E54))*12+(MONTH(J54)-MONTH(E54)) -> 2 | L54: 19G361 | M54: BYD D1 | N54: DIDI
A55: ARRIAGA DIAZ ALEJANDRO | B55: Hombre | C55: 5860AF | D55: CDMX Y AREA METROPOLITANA | E55: 09-2025 | F55: =+YEAR(Tabla2[[#This Row],[Cosecha]]) -> 2025 | G55: 12-2025 | H55: =(YEAR(G55)-YEAR(E55))*12+(MONTH(G55)-MONTH(E55)) -> 3 | I55: Efectivo | J55: 01-2026 | K55: =(YEAR(J55)-YEAR(E55))*12+(MONTH(J55)-MONTH(E55)) -> 4 | L55: 11K502 | M55: BYD MINIDOLPHIN | N55: DIDI
A56: ARZATE JIMENEZ JOSE ANTONIO | B56: Hombre | C56: 4148AF | D56: CDMX Y AREA METROPOLITANA | E56: 12-2024 | F56: =+YEAR(Tabla2[[#This Row],[Cosecha]]) -> 2024 | G56: 08-2025 | H56: =(YEAR(G56)-YEAR(E56))*12+(MONTH(G56)-MONTH(E56)) -> 8 | I56: Efectivo | J56: 09-2025 | K56: =(YEAR(J56)-YEAR(E56))*12+(MONTH(J56)-MONTH(E56)) -> 9 | L56: 19G582 | M56: BYD D1 | N56: UBER
A57: AVALOS CALIXTO SALVADOR | B57: Hombre | C57: 4423AF | D57: CDMX Y AREA METROPOLITANA | E57: 03-2025 | F57: =+YEAR(Tabla2[[#This Row],[Cosecha]]) -> 2025 | G57: 06-2025 | H57: =(YEAR(G57)-YEAR(E57))*12+(MONTH(G57)-MONTH(E57)) -> 3 | I57: Efectivo | J57: 06-2025 | K57: =(YEAR(J57)-YEAR(E57))*12+(MONTH(J57)-MONTH(E57)) -> 3 | L57: 31G769 | M57: GAC AION S | N57: UBER
... A71: BARRETO CORONA RICARDO MANUEL | B71: Hombre | C71: 2464AF | D71: QUERETARO | E71: 02-2023 | F71: =+YEAR(Tabla2[[#This Row],[Cosecha]]) -> 2023 | G71: 09-2025 | H71: =(YEAR(G71)-YEAR(E71))*12+(MONTH(G71)-MONTH(E71)) -> 31 | I71: Efectivo | J71: 10-2025 | K71: =(YEAR(J71)-YEAR(E71))*12+(MONTH(J71)-MONTH(E71)) -> 32 | L71: UNU601H | M71: CHEVROLET AVEO | N71: UBER
A72: BARRIOS MONDRAGON CRISTIAN | B72: Hombre | C72: 4306AF | D72: CDMX Y AREA METROPOLITANA | E72: 02-2025 | F72: =+YEAR(Tabla2[[#This Row],[Cosecha]]) -> 2025 | G72: 09-2025 | H72: =(YEAR(G72)-YEAR(E72))*12+(MONTH(G72)-MONTH(E72)) -> 7 | I72: Efectivo | J72: 09-2025 | K72: =(YEAR(J72)-YEAR(E72))*12+(MONTH(J72)-MONTH(E72)) -> 7 | L72: 13G826 | M72: BYD D1 | N72: UBER | P72: 📍 Distribución por Estado
A73: BARRIOS SARAZUA JULIAN | B73: Hombre | C73: 3285AF | D73: BAJA CALIFORNIA | E73: 05-2024 | F73: =+YEAR(Tabla2[[#This Row],[Cosecha]]) -> 2024 | G73: 04-2025 | H73: =(YEAR(G73)-YEAR(E73))*12+(MONTH(G73)-MONTH(E73)) -> 11 | I73: Efectivo | J73: 04-2025 | K73: =(YEAR(J73)-YEAR(E73))*12+(MONTH(J73)-MONTH(E73)) -> 11 | L73: BNE981A | M73: CHEVROLET AVEO | N73: UBER | P73: Plataforma | Q73: Cantidad | R73: Avg. Meses transcurridos
A74: BASTIDA MORAN OLAF | B74: Hombre | C74: 4679AF | D74: CDMX Y AREA METROPOLITANA | E74: 04-2025 | F74: =+YEAR(Tabla2[[#This Row],[Cosecha]]) -> 2025 | G74: 03-2026 | H74: =(YEAR(G74)-YEAR(E74))*12+(MONTH(G74)-MONTH(E74)) -> 11 | I74: Efectivo | J74: 04-2026 | K74: =(YEAR(J74)-YEAR(E74))*12+(MONTH(J74)-MONTH(E74)) -> 12 | L74: 41G437 | M74: BYD MINIDOLPHIN | N74: UBER | P74: UBER | Q74: =COUNTIF(M:M,Tabla357[[#This Row],[Plataforma]]) -> 0 | R74: =+ROUND(AVERAGEIF(Tabla2[Plataforma],Tabla357[[#This Row],[Plataforma]],Tabla2[Meses transcurridos]),0) -> 10
A75: BASTIDA SANCHEZ HECTOR HUGO | B75: Hombre | C75: 3439AF | D75: CDMX Y AREA METROPOLITANA | E75: 07-2024 | F75: =+YEAR(Tabla2[[#This Row],[Cosecha]]) -> 2024 | G75: 03-2025 | H75: =(YEAR(G75)-YEAR(E75))*12+(MONTH(G75)-MONTH(E75)) -> 8 | I75: Efectivo | J75: 03-2025 | K75: =(YEAR(J75)-YEAR(E75))*12+(MONTH(J75)-MONTH(E75)) -> 8 | L75: E49BPF | M75: CHEVROLET AVEO | N75: UBER | P75: DIDI | Q75: =COUNTIF(M:M,Tabla357[[#This Row],[Plataforma]]) -> 0 | R75: =+ROUND(AVERAGEIF(Tabla2[Plataforma],Tabla357[[#This Row],[Plataforma]],Tabla2[Meses transcurridos]),0) -> 6
A76: BAUTISTA MANCILLA PATRICIA | B76: Mujer | C76: 5546AF | D76: JALISCO | E76: 08-2025 | F76: =+YEAR(Tabla2[[#This Row],[Cosecha]]) -> 2025 | G76: 02-2026 | H76: =(YEAR(G76)-YEAR(E76))*12+(MONTH(G76)-MONTH(E76)) -> 6 | I76: Efectivo | J76: 03-2026 | K76: =(YEAR(J76)-YEAR(E76))*12+(MONTH(J76)-MONTH(E76)) -> 7 | L76: JNU127A | M76: TOYOTA AVANZA | N76: UBER
A77: BAUTISTA ROSALES JAIME | B77: Hombre | C77: 4629AF | D77: CDMX Y AREA METROPOLITANA | E77: 04-2025 | F77: =+YEAR(Tabla2[[#This Row],[Cosecha]]) -> 2025 | G77: 11-2025 | H77: =(YEAR(G77)-YEAR(E77))*12+(MONTH(G77)-MONTH(E77)) -> 7 | I77: Efectivo | J77: 11-2025 | K77: =(YEAR(J77)-YEAR(E77))*12+(MONTH(J77)-MONTH(E77)) -> 7 | L77: 38G295 | M77: GAC AION S | N77: UBER
A78: BECERRIL MERCADO JUAN | B78: Hombre | C78: 3231AF | D78: CDMX Y AREA METROPOLITANA | E78: 05-2024 | F78: =+YEAR(Tabla2[[#This Row],[Cosecha]]) -> 2024 | G78: 02-2026 | H78: =(YEAR(G78)-YEAR(E78))*12+(MONTH(G78)-MONTH(E78)) -> 21 | I78: Efectivo | J78: 02-2026 | K78: =(YEAR(J78)-YEAR(E78))*12+(MONTH(J78)-MONTH(E78)) -> 21 | L78: B32BNY | M78: CHEVROLET AVEO | N78: UBER
A79: BELLO VALDEZ SALVADOR | B79: Hombre | C79: 2233AF | D79: CDMX Y AREA METROPOLITANA | E79: 09-2022 | F79: =+YEAR(Tabla2[[#This Row],[Cosecha]]) -> 2022 | G79: 04-2025 | H79: =(YEAR(G79)-YEAR(E79))*12+(MONTH(G79)-MONTH(E79)) -> 31 | I79: Efectivo | J79: 05-2025 | K79: =(YEAR(J79)-YEAR(E79))*12+(MONTH(J79)-MONTH(E79)) -> 32 | L79: P05BMY | M79: CHEVROLET AVEO | N79: UBER
A80: BELMONT ARREGUIN FERNANDO GUADALUPE | B80: Hombre | C80: 5932AF | D80: CDMX Y AREA METROPOLITANA | E80: 10-2025 | F80: =+YEAR(Tabla2[[#This Row],[Cosecha]]) -> 2025 | G80: 01-2026 | H80: =(YEAR(G80)-YEAR(E80))*12+(MONTH(G80)-MONTH(E80)) -> 3 | I80: Efectivo | J80: 03-2026 | K80: =(YEAR(J80)-YEAR(E80))*12+(MONTH(J80)-MONTH(E80)) -> 5 | L80: 39G813 | M80: GAC AION S | N80: DIDI
A81: BELTRAN GUADARRAMA VICTOR MANUEL | B81: Hombre | C81: 4329AF | D81: CDMX Y AREA METROPOLITANA | E81: 02-2025 | F81: =+YEAR(Tabla2[[#This Row],[Cosecha]]) -> 2025 | G81: 01-2026 | H81: =(YEAR(G81)-YEAR(E81))*12+(MONTH(G81)-MONTH(E81)) -> 11 | I81: Efectivo | J81: 02-2026 | K81: =(YEAR(J81)-YEAR(E81))*12+(MONTH(J81)-MONTH(E81)) -> 12 | L81: E22BRJ | M81: CHEVROLET AVEO | N81: UBER
A82: BERMUDEZ CARREON JORGE MANUEL | B82: Hombre | C82: 5316AF | D82: CDMX Y AREA METROPOLITANA | E82: 07-2025 | F82: =+YEAR(Tabla2[[#This Row],[Cosecha]]) -> 2025 | G82: 08-2025 | H82: =(YEAR(G82)-YEAR(E82))*12+(MONTH(G82)-MONTH(E82)) -> 1 | I82: Efectivo | J82: 08-2025 | K82: =(YEAR(J82)-YEAR(E82))*12+(MONTH(J82)-MONTH(E82)) -> 1 | L82: 29G226 | M82: GAC AION S | N82: UBER
A83: BERNALDEZ MALDONADO MAURICIO | B83: Hombre | C83: 4453AF | D83: CDMX Y AREA METROPOLITANA | E83: 03-2025 | F83: =+YEAR(Tabla2[[#This Row],[Cosecha]]) -> 2025 | G83: 07-2025 | H83: =(YEAR(G83)-YEAR(E83))*12+(MONTH(G83)-MONTH(E83)) -> 4 | I83: Efectivo | J83: 07-2025 | K83: =(YEAR(J83)-YEAR(E83))*12+(MONTH(J83)-MONTH(E83)) -> 4 | L83: 19G633 | M83: BYD D1 | N83: UBER
A84: BETANZOS CASTRO VICTOR MARIO | B84: Hombre | C84: 4218AF | D84: CDMX Y AREA METROPOLITANA | E84: 01-2025 | F84: =+YEAR(Tabla2[[#This Row],[Cosecha]]) -> 2025 | G84: 03-2026 | H84: =(YEAR(G84)-YEAR(E84))*12+(MONTH(G84)-MONTH(E84)) -> 14 | I84: Efectivo | J84: 03-2026 | K84: =(YEAR(J84)-YEAR(E84))*12+(MONTH(J84)-MONTH(E84)) -> 14 | L84: 56F792 | M84: GAC AION S | N84: UBER
A85: BLANCAS AGONIZANTE ERNESTO TEOFILO | B85: Hombre | C85: 4225AF | D85: CDMX Y AREA METROPOLITANA | E85: 01-2025 | F85: =+YEAR(Tabla2[[#This Row],[Cosecha]]) -> 2025 | G85: 06-2025 | H85: =(YEAR(G85)-YEAR(E85))*12+(MONTH(G85)-MONTH(E85)) -> 5 | I85: Efectivo | J85: 06-2025 | K85: =(YEAR(J85)-YEAR(E85))*12+(MONTH(J85)-MONTH(E85)) -> 5 | L85: P48BRD | M85: CHEVROLET AVEO | N85: UBER
A86: BLANDO QUIJADA BRAYAN ALTAIR | B86: Hombre | C86: 5129AF | D86: CDMX Y AREA METROPOLITANA | E86: 06-2025 | F86: =+YEAR(Tabla2[[#This Row],[Cosecha]]) -> 2025 | G86: 12-2025 | H86: =(YEAR(G86)-YEAR(E86))*12+(MONTH(G86)-MONTH(E86)) -> 6 | I86: Efectivo | J86: 02-2026 | K86: =(YEAR(J86)-YEAR(E86))*12+(MONTH(J86)-MONTH(E86)) -> 8 | L86: 47G977 | M86: BYD MINIDOLPHIN | N86: UBER
A87: BLASI VELAZQUEZ CESAR SALVADOR | B87: Hombre | C87: 4433AF | D87: CDMX Y AREA METROPOLITANA | E87: 03-2025 | F87: =+YEAR(Tabla2[[#This Row],[Cosecha]]) -> 2025 | G87: 04-2026 | H87: =(YEAR(G87)-YEAR(E87))*12+(MONTH(G87)-MONTH(E87)) -> 13 | I87: Efectivo | J87: 04-2026 | K87: =(YEAR(J87)-YEAR(E87))*12+(MONTH(J87)-MONTH(E87)) -> 13 | L87: 19G624 | M87: BYD D1 | N87: UBER
... A104: CAMARGO MEJIA JOSE MANUEL | B104: Hombre | C104: 4946AF | D104: CDMX Y AREA METROPOLITANA | E104: 05-2025 | F104: =+YEAR(Tabla2[[#This Row],[Cosecha]]) -> 2025 | G104: 11-2025 | H104: =(YEAR(G104)-YEAR(E104))*12+(MONTH(G104)-MONTH(E104)) -> 6 | I104: Efectivo | J104: 12-2025 | K104: =(YEAR(J104)-YEAR(E104))*12+(MONTH(J104)-MONTH(E104)) -> 7 | L104: 41G533 | M104: BYD MINIDOLPHIN | N104: DIDI
A105: CAMARGO NAVARRETE LUIS ALBERTO | B105: Hombre | C105: 3762AF | D105: BAJA CALIFORNIA | E105: 09-2024 | F105: =+YEAR(Tabla2[[#This Row],[Cosecha]]) -> 2024 | G105: 09-2025 | H105: =(YEAR(G105)-YEAR(E105))*12+(MONTH(G105)-MONTH(E105)) -> 12 | I105: Efectivo | J105: 10-2025 | K105: =(YEAR(J105)-YEAR(E105))*12+(MONTH(J105)-MONTH(E105)) -> 13 | L105: BSG230A | M105: CHEVROLET AVEO | N105: UBER | P105: Año Cosecha | Q105: Cantidad | R105: Avg. Meses transcurridos
A106: CAMPOS PEREZ JORGE MICHEL | B106: Hombre | C106: 6211AF | D106: NUEVO LEON | E106: 11-2025 | F106: =+YEAR(Tabla2[[#This Row],[Cosecha]]) -> 2025 | G106: 12-2025 | H106: =(YEAR(G106)-YEAR(E106))*12+(MONTH(G106)-MONTH(E106)) -> 1 | I106: Efectivo | J106: 01-2026 | K106: =(YEAR(J106)-YEAR(E106))*12+(MONTH(J106)-MONTH(E106)) -> 2 | L106: RXW251C | M106: CHEVROLET AVEO | N106: UBER | P106: RIO | Q106: =COUNTIF(L:L,P106) -> 0 | R106: =+ROUND(AVERAGEIF(L:L,P106,H:H),0) -> #DIV/0!
A107: CAMPOS ZUÑIGA SERGIO EFRAIN | B107: Hombre | C107: 5473AF | D107: CDMX Y AREA METROPOLITANA | E107: 08-2025 | F107: =+YEAR(Tabla2[[#This Row],[Cosecha]]) -> 2025 | G107: 11-2025 | H107: =(YEAR(G107)-YEAR(E107))*12+(MONTH(G107)-MONTH(E107)) -> 3 | I107: Efectivo | J107: 12-2025 | K107: =(YEAR(J107)-YEAR(E107))*12+(MONTH(J107)-MONTH(E107)) -> 4 | L107: 48G166 | M107: BYD MINIDOLPHIN | N107: UBER | P107: ATTITUDE | Q107: =COUNTIF(L:L,P107) -> 0 | R107: =+ROUND(AVERAGEIF(L:L,P107,H:H),0) -> #DIV/0!
A108: CANALES GARCIA MARIO ALBERTO | B108: Hombre | C108: 5856AF | D108: CDMX Y AREA METROPOLITANA | E108: 09-2025 | F108: =+YEAR(Tabla2[[#This Row],[Cosecha]]) -> 2025 | G108: 03-2026 | H108: =(YEAR(G108)-YEAR(E108))*12+(MONTH(G108)-MONTH(E108)) -> 6 | I108: Efectivo | J108: 03-2026 | K108: =(YEAR(J108)-YEAR(E108))*12+(MONTH(J108)-MONTH(E108)) -> 6 | L108: 11K170 | M108: BYD MINIDOLPHIN | N108: DIDI | P108: IGNIS | Q108: =COUNTIF(L:L,P108) -> 0 | R108: =+ROUND(AVERAGEIF(L:L,P108,H:H),0) -> #DIV/0!
A109: CANCHOLA GUADARRAMA JOSE LUIS | B109: Hombre | C109: 5417AF | D109: CDMX Y AREA METROPOLITANA | E109: 07-2025 | F109: =+YEAR(Tabla2[[#This Row],[Cosecha]]) -> 2025 | G109: 02-2026 | H109: =(YEAR(G109)-YEAR(E109))*12+(MONTH(G109)-MONTH(E109)) -> 7 | I109: Efectivo | J109: 02-2026 | K109: =(YEAR(J109)-YEAR(E109))*12+(MONTH(J109)-MONTH(E109)) -> 7 | L109: 28G708 | M109: GAC AION S | N109: DIDI | P109: E10X-A | Q109: =COUNTIF(L:L,P109) -> 0 | R109: =+ROUND(AVERAGEIF(L:L,P109,H:H),0) -> #DIV/0!
A110: CANDELARIA LINERIO ALEJANDRO | B110: Hombre | C110: 5269AF | D110: CDMX Y AREA METROPOLITANA | E110: 07-2025 | F110: =+YEAR(Tabla2[[#This Row],[Cosecha]]) -> 2025 | G110: 04-2026 | H110: =(YEAR(G110)-YEAR(E110))*12+(MONTH(G110)-MONTH(E110)) -> 9 | I110: Efectivo | J110: 04-2026 | K110: =(YEAR(J110)-YEAR(E110))*12+(MONTH(J110)-MONTH(E110)) -> 9 | L110: 43G806 | M110: GAC AION S | N110: UBER | P110: SUZUKI ERTIGA | Q110: =COUNTIF(L:L,P110) -> 0 | R110: =+ROUND(AVERAGEIF(L:L,P110,H:H),0) -> #DIV/0!
A111: CANDELARIA RODRIGUEZ ALEJANDRO | B111: Hombre | C111: 5990AF | D111: CDMX Y AREA METROPOLITANA | E111: 10-2025 | F111: =+YEAR(Tabla2[[#This Row],[Cosecha]]) -> 2025 | G111: 02-2026 | H111: =(YEAR(G111)-YEAR(E111))*12+(MONTH(G111)-MONTH(E111)) -> 4 | I111: Efectivo | J111: 02-2026 | K111: =(YEAR(J111)-YEAR(E111))*12+(MONTH(J111)-MONTH(E111)) -> 4 | L111: 15K196 | M111: BYD MINIDOLPHIN | N111: DIDI | P111: ONIX | Q111: =COUNTIF(L:L,P111) -> 0 | R111: =+ROUND(AVERAGEIF(L:L,P111,H:H),0) -> #DIV/0!
A112: CANO MENDOZA CARLOS MAURICIO | B112: Hombre | C112: 3615AF | D112: CDMX Y AREA METROPOLITANA | E112: 08-2024 | F112: =+YEAR(Tabla2[[#This Row],[Cosecha]]) -> 2024 | G112: 04-2026 | H112: =(YEAR(G112)-YEAR(E112))*12+(MONTH(G112)-MONTH(E112)) -> 20 | I112: Efectivo | J112: 04-2026 | K112: =(YEAR(J112)-YEAR(E112))*12+(MONTH(J112)-MONTH(E112)) -> 20 | L112: 89F858 | M112: BYD D1 | N112: UBER | P112: TOYOTA AVANZA | Q112: =COUNTIF(L:L,P112) -> 0 | R112: =+ROUND(AVERAGEIF(L:L,P112,H:H),0) -> #DIV/0!
A113: CARDENAS CORTEZ JOSE LUIS | B113: Hombre | C113: 6213AF | D113: NUEVO LEON | E113: 11-2025 | F113: =+YEAR(Tabla2[[#This Row],[Cosecha]]) -> 2025 | G113: 01-2026 | H113: =(YEAR(G113)-YEAR(E113))*12+(MONTH(G113)-MONTH(E113)) -> 2 | I113: Efectivo | J113: 02-2026 | K113: =(YEAR(J113)-YEAR(E113))*12+(MONTH(J113)-MONTH(E113)) -> 3 | L113: RXW247C | M113: CHEVROLET AVEO | N113: DIDI | P113: CHEVROLET AVEO | Q113: =COUNTIF(L:L,P113) -> 0 | R113: =+ROUND(AVERAGEIF(L:L,P113,H:H),0) -> #DIV/0!
A114: CARDOSO TAPIA RUBEN | B114: Hombre | C114: 5406AF | D114: NUEVO LEON | E114: 07-2025 | F114: =+YEAR(Tabla2[[#This Row],[Cosecha]]) -> 2025 | G114: 03-2026 | H114: =(YEAR(G114)-YEAR(E114))*12+(MONTH(G114)-MONTH(E114)) -> 8 | I114: Efectivo | J114: 03-2026 | K114: =(YEAR(J114)-YEAR(E114))*12+(MONTH(J114)-MONTH(E114)) -> 8 | L114: RVX601C | M114: CHEVROLET AVEO | N114: UBER | P114: BYD D1 | Q114: =COUNTIF(L:L,P114) -> 0 | R114: =+ROUND(AVERAGEIF(L:L,P114,H:H),0) -> #DIV/0!
A115: CARIÑO HERRERA ALAN CHRISTIAN | B115: Hombre | C115: 2632AF | D115: CDMX Y AREA METROPOLITANA | E115: 07-2023 | F115: =+YEAR(Tabla2[[#This Row],[Cosecha]]) -> 2023 | G115: 04-2025 | H115: =(YEAR(G115)-YEAR(E115))*12+(MONTH(G115)-MONTH(E115)) -> 21 | I115: Efectivo | J115: 05-2025 | K115: =(YEAR(J115)-YEAR(E115))*12+(MONTH(J115)-MONTH(E115)) -> 22 | L115: J45BMC | M115: ATTITUDE | N115: UBER | P115: GAC AION S | Q115: =COUNTIF(L:L,P115) -> 0 | R115: =+ROUND(AVERAGEIF(L:L,P115,H:H),0) -> #DIV/0!
A116: CARLON JUAREZ ALAN EFRAIN | B116: Hombre | C116: 4670AF | D116: CDMX Y AREA METROPOLITANA | E116: 04-2025 | F116: =+YEAR(Tabla2[[#This Row],[Cosecha]]) -> 2025 | G116: 12-2025 | H116: =(YEAR(G116)-YEAR(E116))*12+(MONTH(G116)-MONTH(E116)) -> 8 | I116: Efectivo | J116: 01-2026 | K116: =(YEAR(J116)-YEAR(E116))*12+(MONTH(J116)-MONTH(E116)) -> 9 | L116: 41G424 | M116: BYD MINIDOLPHIN | N116: UBER | P116: GAC AION S | Q116: =COUNTIF(L:L,P116) -> 0 | R116: =+ROUND(AVERAGEIF(L:L,P116,H:H),0) -> #DIV/0!
A117: CARRANZA DAMIAN JONHATAN DAVID | B117: Hombre | C117: 4268AF | D117: CDMX Y AREA METROPOLITANA | E117: 01-2025 | F117: =+YEAR(Tabla2[[#This Row],[Cosecha]]) -> 2025 | G117: 04-2025 | H117: =(YEAR(G117)-YEAR(E117))*12+(MONTH(G117)-MONTH(E117)) -> 3 | I117: Efectivo | J117: 04-2025 | K117: =(YEAR(J117)-YEAR(E117))*12+(MONTH(J117)-MONTH(E117)) -> 3 | L117: 27G510 | M117: BYD MINIDOLPHIN | N117: UBER | P117: BYD MINIDOLPHIN | Q117: =COUNTIF(L:L,P117) -> 0 | R117: =+ROUND(AVERAGEIF(L:L,P117,H:H),0) -> #DIV/0!
A118: CARREON VELAZQUEZ CESAR ADRIAN | B118: Hombre | C118: 5942AF | D118: CDMX Y AREA METROPOLITANA | E118: 10-2025 | F118: =+YEAR(Tabla2[[#This Row],[Cosecha]]) -> 2025 | G118: 02-2026 | H118: =(YEAR(G118)-YEAR(E118))*12+(MONTH(G118)-MONTH(E118)) -> 4 | I118: Efectivo | J118: 02-2026 | K118: =(YEAR(J118)-YEAR(E118))*12+(MONTH(J118)-MONTH(E118)) -> 4 | L118: 51G536 | M118: GAC AION S | N118: UBER | P118: BYD E5 | Q118: =COUNTIF(L:L,P118) -> 0 | R118: =+ROUND(AVERAGEIF(L:L,P118,H:H),0) -> #DIV/0!
A119: CARRERA SERRANO RAUL | B119: Hombre | C119: 4834AF | D119: CDMX Y AREA METROPOLITANA | E119: 05-2025 | F119: =+YEAR(Tabla2[[#This Row],[Cosecha]]) -> 2025 | G119: 04-2026 | H119: =(YEAR(G119)-YEAR(E119))*12+(MONTH(G119)-MONTH(E119)) -> 11 | I119: Efectivo | J119: 04-2026 | K119: =(YEAR(J119)-YEAR(E119))*12+(MONTH(J119)-MONTH(E119)) -> 11 | L119: D15BRR | M119: CHEVROLET AVEO | N119: UBER
A120: CARRILLO ALVAREZ BRANDON IRVIN | B120: Hombre | C120: 5449AF | D120: NUEVO LEON | E120: 07-2025 | F120: =+YEAR(Tabla2[[#This Row],[Cosecha]]) -> 2025 | G120: 03-2026 | H120: =(YEAR(G120)-YEAR(E120))*12+(MONTH(G120)-MONTH(E120)) -> 8 | I120: Efectivo | J120: 04-2026 | K120: =(YEAR(J120)-YEAR(E120))*12+(MONTH(J120)-MONTH(E120)) -> 9 | L120: RVX604C | M120: CHEVROLET AVEO | N120: UBER
A121: CARRILLO CAMPOS CHRISTOFER ALAN | B121: Hombre | C121: 3742AF | D121: CDMX Y AREA METROPOLITANA | E121: 09-2024 | F121: =+YEAR(Tabla2[[#This Row],[Cosecha]]) -> 2024 | G121: 02-2026 | H121: =(YEAR(G121)-YEAR(E121))*12+(MONTH(G121)-MONTH(E121)) -> 17 | I121: Efectivo | J121: 03-2026 | K121: =(YEAR(J121)-YEAR(E121))*12+(MONTH(J121)-MONTH(E121)) -> 18 | L121: 94F912 | M121: BYD D1 | N121: DIDI
A122: CARRILLO FUENTES NOE RAUL JUNIOR | B122: Hombre | C122: 5712AF | D122: NUEVO LEON | E122: 09-2025 | F122: =+YEAR(Tabla2[[#This Row],[Cosecha]]) -> 2025 | G122: 04-2026 | H122: =(YEAR(G122)-YEAR(E122))*12+(MONTH(G122)-MONTH(E122)) -> 7 | I122: Efectivo | J122: 04-2026 | K122: =(YEAR(J122)-YEAR(E122))*12+(MONTH(J122)-MONTH(E122)) -> 7 | L122: RXW061C | M122: CHEVROLET AVEO | N122: DIDI | P122: Mes envío recuperación | Q122: Fecha (EOM) | R122: Cantidad | S122: Originaciones New Vehicles | T122: Originaciones Used Vehicles | U122: Originaciones | V122: O - R
A123: CARRILLO JIMENEZ SERGIO | B123: Hombre | C123: 4285AF | D123: JALISCO | E123: 02-2025 | F123: =+YEAR(Tabla2[[#This Row],[Cosecha]]) -> 2025 | G123: 09-2025 | H123: =(YEAR(G123)-YEAR(E123))*12+(MONTH(G123)-MONTH(E123)) -> 7 | I123: Efectivo | J123: 09-2025 | K123: =(YEAR(J123)-YEAR(E123))*12+(MONTH(J123)-MONTH(E123)) -> 7 | L123: HZT605A | M123: CHEVROLET AVEO | N123: UBER | P123: 01-2025 | Q123: 45688 | R123: =COUNTIF(Tabla2[Mes envio recuperación],P123) -> 21 | S123: =IFERROR(HLOOKUP(Q123,Originaciones!$AC$7:$AW$18,12,FALSE()),0) -> 97 | T123: =IFERROR(HLOOKUP(Q123,Originaciones!$AC$7:$AW$44,38,FALSE()),0) -> 8 | U123: =+T123+S123 -> 105 | V123: =+T123+S123-R123 -> 84
A124: CARRILLO LECHERO HUGO RUBEN | B124: Hombre | C124: 4276AF | D124: CDMX Y AREA METROPOLITANA | E124: 01-2025 | F124: =+YEAR(Tabla2[[#This Row],[Cosecha]]) -> 2025 | G124: 08-2025 | H124: =(YEAR(G124)-YEAR(E124))*12+(MONTH(G124)-MONTH(E124)) -> 7 | I124: Efectivo | J124: 08-2025 | K124: =(YEAR(J124)-YEAR(E124))*12+(MONTH(J124)-MONTH(E124)) -> 7 | L124: 31G853 | M124: GAC AION S | N124: UBER | P124: 02-2025 | Q124: 45716 | R124: =COUNTIF(Tabla2[Mes envio recuperación],P124) -> 9 | S124: =IFERROR(HLOOKUP(Q124,Originaciones!$AC$7:$AW$18,12,FALSE()),0) -> 99 | T124: =IFERROR(HLOOKUP(Q124,Originaciones!$AC$7:$AW$44,38,FALSE()),0) -> 14 | U124: =+T124+S124 -> 113 | V124: =+T124+S124-R124 -> 104
A125: CARRILLO MEDINA OCTAVIO | B125: Hombre | C125: 3251AF | D125: CDMX Y AREA METROPOLITANA | E125: 05-2024 | F125: =+YEAR(Tabla2[[#This Row],[Cosecha]]) -> 2024 | G125: 03-2026 | H125: =(YEAR(G125)-YEAR(E125))*12+(MONTH(G125)-MONTH(E125)) -> 22 | I125: Efectivo | J125: 03-2026 | K125: =(YEAR(J125)-YEAR(E125))*12+(MONTH(J125)-MONTH(E125)) -> 22 | L125: A40BNM | M125: CHEVROLET AVEO | N125: UBER | P125: 03-2025 | Q125: 45747 | R125: =COUNTIF(Tabla2[Mes envio recuperación],P125) -> 35 | S125: =IFERROR(HLOOKUP(Q125,Originaciones!$AC$7:$AW$18,12,FALSE()),0) -> 136 | T125: =IFERROR(HLOOKUP(Q125,Originaciones!$AC$7:$AW$44,38,FALSE()),0) -> 19 | U125: =+T125+S125 -> 155 | V125: =+T125+S125-R125 -> 120
A126: CARRIZAL DOMINGUEZ FRANCISCO JAVIER | B126: Hombre | C126: 6044AF | D126: CDMX Y AREA METROPOLITANA | E126: 10-2025 | F126: =+YEAR(Tabla2[[#This Row],[Cosecha]]) -> 2025 | G126: 02-2026 | H126: =(YEAR(G126)-YEAR(E126))*12+(MONTH(G126)-MONTH(E126)) -> 4 | I126: Efectivo | J126: 03-2026 | K126: =(YEAR(J126)-YEAR(E126))*12+(MONTH(J126)-MONTH(E126)) -> 5 | L126: 51G590 | M126: GAC AION S | N126: UBER | P126: 04-2025 | Q126: 45777 | R126: =COUNTIF(Tabla2[Mes envio recuperación],P126) -> 60 | S126: =IFERROR(HLOOKUP(Q126,Originaciones!$AC$7:$AW$18,12,FALSE()),0) -> 161 | T126: =IFERROR(HLOOKUP(Q126,Originaciones!$AC$7:$AW$44,38,FALSE()),0) -> 18 | U126: =+T126+S126 -> 179 | V126: =+T126+S126-R126 -> 119
A127: CASAS TIAHUEL ALAIN OCTAVIO | B127: Hombre | C127: 5319AF | D127: CDMX Y AREA METROPOLITANA | E127: 07-2025 | F127: =+YEAR(Tabla2[[#This Row],[Cosecha]]) -> 2025 | G127: 11-2025 | H127: =(YEAR(G127)-YEAR(E127))*12+(MONTH(G127)-MONTH(E127)) -> 4 | I127: Efectivo | J127: 11-2025 | K127: =(YEAR(J127)-YEAR(E127))*12+(MONTH(J127)-MONTH(E127)) -> 4 | L127: 29G293 | M127: GAC AION S | N127: DIDI | P127: 05-2025 | Q127: 45808 | R127: =COUNTIF(Tabla2[Mes envio recuperación],P127) -> 24 | S127: =IFERROR(HLOOKUP(Q127,Originaciones!$AC$7:$AW$18,12,FALSE()),0) -> 157 | T127: =IFERROR(HLOOKUP(Q127,Originaciones!$AC$7:$AW$44,38,FALSE()),0) -> 20 | U127: =+T127+S127 -> 177 | V127: =+T127+S127-R127 -> 153
A128: CASPETA CAMARGO MARIO ISMAEL | B128: Hombre | C128: 3612AF | D128: CDMX Y AREA METROPOLITANA | E128: 08-2024 | F128: =+YEAR(Tabla2[[#This Row],[Cosecha]]) -> 2024 | G128: 07-2025 | H128: =(YEAR(G128)-YEAR(E128))*12+(MONTH(G128)-MONTH(E128)) -> 11 | I128: Efectivo | J128: 07-2025 | K128: =(YEAR(J128)-YEAR(E128))*12+(MONTH(J128)-MONTH(E128)) -> 11 | L128: 89F729 | M128: BYD D1 | N128: UBER | P128: 06-2025 | Q128: 45838 | R128: =COUNTIF(Tabla2[Mes envio recuperación],P128) -> 79 | S128: =IFERROR(HLOOKUP(Q128,Originaciones!$AC$7:$AW$18,12,FALSE()),0) -> 195 | T128: =IFERROR(HLOOKUP(Q128,Originaciones!$AC$7:$AW$44,38,FALSE()),0) -> 23 | U128: =+T128+S128 -> 218 | V128: =+T128+S128-R128 -> 139
A129: CASTAÑEDA RODRIGUEZ JUAN ANTONIO | B129: Hombre | C129: 4865AF | D129: CDMX Y AREA METROPOLITANA | E129: 05-2025 | F129: =+YEAR(Tabla2[[#This Row],[Cosecha]]) -> 2025 | G129: 01-2026 | H129: =(YEAR(G129)-YEAR(E129))*12+(MONTH(G129)-MONTH(E129)) -> 8 | I129: Efectivo | J129: 02-2026 | K129: =(YEAR(J129)-YEAR(E129))*12+(MONTH(J129)-MONTH(E129)) -> 9 | L129: 50G782 | M129: GAC AION S | N129: UBER | P129: 07-2025 | Q129: 45869 | R129: =COUNTIF(Tabla2[Mes envio recuperación],P129) -> 56 | S129: =IFERROR(HLOOKUP(Q129,Originaciones!$AC$7:$AW$18,12,FALSE()),0) -> 199 | T129: =IFERROR(HLOOKUP(Q129,Originaciones!$AC$7:$AW$44,38,FALSE()),0) -> 33 | U129: =+T129+S129 -> 232 | V129: =+T129+S129-R129 -> 176
...

Sheet Originaciones
C4: Units | D4: Source
B6: Month Start | E6: 44927 | F6: 44958 | G6: 44986 | H6: 45017 | I6: 45047 | J6: 45078 | K6: 45108 | L6: 45139 | M6: 45170 | N6: 45200 | O6: 45231 | P6: 45261 | Q6: 45292 | R6: =+Q7+1 -> 45323 | S6: =+R7+1 -> 45352 | T6: =+S7+1 -> 45383 | U6: =+T7+1 -> 45413 | V6: =+U7+1 -> 45444 | W6: =+V7+1 -> 45474 | X6: =+W7+1 -> 45505 | Y6: =+X7+1 -> 45536 | ... AB6: =+AA7+1 -> 45627 | AC6: 45658 | AD6: =+AC7+1 -> 45689 | AE6: =+AD7+1 -> 45717 | AF6: =+AE7+1 -> 45748 | AG6: =+AF7+1 -> 45778 | AH6: =+AG7+1 -> 45809 | AI6: =+AH7+1 -> 45839 | AJ6: =+AI7+1 -> 45870 | AK6: =+AJ7+1 -> 45901 | ... AZ6: =+AY7+1 -> 46357
B7: Month End | E7: 44957 | F7: 44985 | G7: 45016 | H7: 45046 | I7: 45077 | J7: 45107 | K7: 45138 | L7: 45169 | M7: 45199 | N7: 45230 | O7: 45260 | P7: 45291 | Q7: =+EOMONTH(Q6,0) -> 45322 | R7: =+EOMONTH(Q7,1) -> 45351 | S7: =+EOMONTH(R7,1) -> 45382 | T7: =+EOMONTH(S7,1) -> 45412 | U7: =+EOMONTH(T7,1) -> 45443 | V7: =+EOMONTH(U7,1) -> 45473 | W7: =+EOMONTH(V7,1) -> 45504 | X7: =+EOMONTH(W7,1) -> 45535 | Y7: =+EOMONTH(X7,1) -> 45565 | ... AB7: =+EOMONTH(AA7,1) -> 45657 | AC7: =+EOMONTH(AC6,0) -> 45688 | AD7: =+EOMONTH(AD6,0) -> 45716 | AE7: =+EOMONTH(AE6,0) -> 45747 | AF7: =+EOMONTH(AF6,0) -> 45777 | AG7: =+EOMONTH(AG6,0) -> 45808 | AH7: =+EOMONTH(AH6,0) -> 45838 | AI7: =+EOMONTH(AI6,0) -> 45869 | AJ7: =+EOMONTH(AJ6,0) -> 45900 | ... AZ7: =+EOMONTH(AZ6,0) -> 46387
B8: Year | E8: 2023 | F8: 2023 | G8: 2023 | H8: 2023 | I8: 2023 | J8: 2023 | K8: 2023 | L8: 2023 | M8: 2023 | N8: 2023 | O8: 2023 | P8: 2023 | Q8: =+YEAR(Q7) -> 2024 | R8: =+YEAR(R7) -> 2024 | S8: =+YEAR(S7) -> 2024 | T8: =+YEAR(T7) -> 2024 | U8: =+YEAR(U7) -> 2024 | V8: =+YEAR(V7) -> 2024 | W8: =+YEAR(W7) -> 2024 | X8: =+YEAR(X7) -> 2024 | ... AZ8: =+YEAR(AZ7) -> 2026
B9: Month | E9: =+UPPER(TEXT(E7, "mmm")) -> ENE | F9: =+UPPER(TEXT(F7, "mmm")) -> FEB | G9: =+UPPER(TEXT(G7, "mmm")) -> MAR | H9: =+UPPER(TEXT(H7, "mmm")) -> ABR | I9: =+UPPER(TEXT(I7, "mmm")) -> MAY | J9: =+UPPER(TEXT(J7, "mmm")) -> JUN | K9: =+UPPER(TEXT(K7, "mmm")) -> JUL | L9: =+UPPER(TEXT(L7, "mmm")) -> AGO | ... AZ9: =+UPPER(TEXT(AZ7, "mmm")) -> DIC
B10: Quarter | E10: Q1 | F10: Q1 | G10: Q1 | H10: Q2 | I10: Q2 | J10: Q2 | K10: Q3 | L10: Q3 | M10: Q3 | N10: Q4 | O10: Q4 | P10: Q4 | Q10: Q1 | R10: Q1 | S10: Q1 | T10: Q2 | U10: Q2 | V10: Q2 | W10: Q3 | X10: Q3 | Y10: Q3 | Z10: Q4 | AA10: Q4 | AB10: Q4 | AC10: Q1 | AD10: Q1 | AE10: Q1 | AF10: Q2 | AG10: Q2 | AH10: Q2 | AI10: Q3 | AJ10: Q3 | AK10: Q3 | AL10: Q4 | AM10: Q4 | AN10: Q4 | AO10: Q1 | AP10: Q1 | AQ10: Q1 | AR10: Q2 | AS10: #NAME? | AT10: #NAME? | AU10: #NAME? | AV10: #NAME? | AW10: #NAME? | AX10: #NAME? | AY10: #NAME? | AZ10: #NAME?
B11: Fridays Per Month | E11: =+(E7-E6+1)-NETWORKDAYS.INTL(E6,E7,16) -> 4 | F11: =+(F7-F6+1)-NETWORKDAYS.INTL(F6,F7,16) -> 4 | G11: =+(G7-G6+1)-NETWORKDAYS.INTL(G6,G7,16) -> 5 | H11: =+(H7-H6+1)-NETWORKDAYS.INTL(H6,H7,16) -> 4 | I11: =+(I7-I6+1)-NETWORKDAYS.INTL(I6,I7,16) -> 4 | J11: =+(J7-J6+1)-NETWORKDAYS.INTL(J6,J7,16) -> 5 | K11: =+(K7-K6+1)-NETWORKDAYS.INTL(K6,K7,16) -> 4 | L11: =+(L7-L6+1)-NETWORKDAYS.INTL(L6,L7,16) -> 4 | ... AZ11: =+(AZ7-AZ6+1)-NETWORKDAYS.INTL(AZ6,AZ7,16) -> 4
B12: Actual | E12: Actual | F12: Actual | G12: Actual | H12: Actual | I12: Actual | J12: Actual | K12: Actual | L12: Actual | M12: Actual | N12: Actual | O12: Actual | P12: Actual | Q12: Actual | R12: Actual | S12: Actual | T12: Actual | U12: Actual | V12: Actual | W12: Actual | X12: Actual | Y12: Actual | Z12: Actual | AA12: Actual | AB12: Actual | AC12: Actual | AD12: Actual | AE12: Actual | AF12: Actual | AG12: Actual | AH12: Actual | AI12: Actual | AJ12: Actual | AK12: Actual | AL12: Actual | AM12: Actual | AN12: Actual | AO12: Actual | AP12: Actual | AQ12: Actual | AR12: Actual | AS12: #NAME? | AT12: #NAME? | AU12: #NAME? | AV12: #NAME? | AW12: #NAME? | AX12: #NAME? | AY12: #NAME? | AZ12: #NAME?
B14: LTO Main KPIs
B16: Origination (New Vehicles)
B18: Origination | C18: [#] | E18: =+SUM(E19:E21) -> 36 | F18: =+SUM(F19:F21) -> 31 | G18: =+SUM(G19:G21) -> 30 | H18: =+SUM(H19:H21) -> 27 | I18: =+SUM(I19:I21) -> 28 | J18: =+SUM(J19:J21) -> 44 | K18: =+SUM(K19:K21) -> 43 | L18: =+SUM(L19:L21) -> 50 | ... AZ18: =+SUM(AZ19:AZ21) -> 0
B19: ICE | C19: [#] | D19: LTO Report | E19: 36 | F19: 31 | G19: 24 | H19: 17 | I19: 21 | J19: 37 | K19: 38 | L19: 36 | M19: 38 | N19: 33 | O19: 46 | P19: 30 | Q19: 46 | R19: 44 | S19: 37 | T19: 49 | U19: 62 | V19: 47 | W19: 60 | X19: 57 | Y19: 72 | Z19: 75 | AA19: 38 | AB19: 13 | AC19: 29 | AD19: 44 | AE19: 29 | AF19: 50 | AG19: 66 | AH19: 98 | AI19: 70 | AJ19: 57 | AK19: =50+15 -> 65 | AL19: 113 | AM19: 98 | AN19: 105 | AO19: 75 | AP19: 74 | AQ19: 59 | AR19: 69
B20: HEV | C20: [#] | D20: LTO Report | E20: 0 | F20: 0 | G20: 6 | H20: 7 | I20: 3 | J20: 5 | K20: 3 | L20: 8 | M20: 17 | N20: 14 | O20: 8 | P20: 5 | Q20: 2 | R20: 10 | S20: 4 | T20: 5 | U20: 4 | V20: 3 | W20: 8 | X20: 10 | Y20: 3 | Z20: 1 | AA20: 0 | AB20: 0 | AC20: 0 | AD20: 0 | AE20: 0 | AF20: 0 | AG20: 0 | AH20: 0 | AI20: 0 | AJ20: 0 | AK20: 0 | AL20: 0 | AM20: 0 | AN20: 0 | AO20: 0 | AP20: 0 | AQ20: 0 | AR20: 0
B21: EV | C21: [#] | D21: LTO Report | E21: 0 | F21: 0 | G21: 0 | H21: 3 | I21: 4 | J21: 2 | K21: 2 | L21: 6 | M21: 0 | N21: 4 | O21: 4 | P21: 1 | Q21: 15 | R21: 14 | S21: 19 | T21: 19 | U21: 28 | V21: 53 | W21: 51 | X21: 47 | Y21: 37 | Z21: 44 | AA21: 57 | AB21: 92 | AC21: 68 | AD21: 55 | AE21: 107 | AF21: 111 | AG21: 91 | AH21: 97 | AI21: 129 | AJ21: =93+16 -> 109 | AK21: =122-16+9 -> 115 | AL21: 93 | AM21: 113 | AN21: 110 | AO21: 100 | AP21: 127 | AQ21: 118 | AR21: 149
B23: Origination | C23: [%] | E23: =+SUM(E24:E26) -> 1 | F23: =+SUM(F24:F26) -> 1 | G23: =+SUM(G24:G26) -> 1 | H23: =+SUM(H24:H26) -> 1 | I23: =+SUM(I24:I26) -> 1 | J23: =+SUM(J24:J26) -> 1 | K23: =+SUM(K24:K26) -> 1 | L23: =+SUM(L24:L26) -> 1 | ... AZ23: =+SUM(AZ24:AZ26) -> 0
B24: ICE | C24: [%] | E24: =+IFERROR(E19/E$18,"0") -> 1 | F24: =+IFERROR(F19/F$18,"0") -> 1 | G24: =+IFERROR(G19/G$18,"0") -> 0.8 | H24: =+IFERROR(H19/H$18,"0") -> 0.62962963 | I24: =+IFERROR(I19/I$18,"0") -> 0.75 | J24: =+IFERROR(J19/J$18,"0") -> 0.84090909 | K24: =+IFERROR(K19/K$18,"0") -> 0.88372093 | L24: =+IFERROR(L19/L$18,"0") -> 0.72 | ... AZ24: =+IFERROR(AZ19/AZ$18,"0") -> 0
B25: HEV | C25: [%] | E25: =+IFERROR(E20/E$18,"0") -> 0 | F25: =+IFERROR(F20/F$18,"0") -> 0 | G25: =+IFERROR(G20/G$18,"0") -> 0.2 | H25: =+IFERROR(H20/H$18,"0") -> 0.25925926 | I25: =+IFERROR(I20/I$18,"0") -> 0.10714286 | J25: =+IFERROR(J20/J$18,"0") -> 0.11363636 | K25: =+IFERROR(K20/K$18,"0") -> 0.069767442 | L25: =+IFERROR(L20/L$18,"0") -> 0.16 | ... AZ25: =+IFERROR(AZ20/AZ$18,"0") -> 0
B26: EV | C26: [%] | E26: =+IFERROR(E21/E$18,"0") -> 0 | F26: =+IFERROR(F21/F$18,"0") -> 0 | G26: =+IFERROR(G21/G$18,"0") -> 0 | H26: =+IFERROR(H21/H$18,"0") -> 0.11111111 | I26: =+IFERROR(I21/I$18,"0") -> 0.14285714 | J26: =+IFERROR(J21/J$18,"0") -> 0.045454545 | K26: =+IFERROR(K21/K$18,"0") -> 0.046511628 | L26: =+IFERROR(L21/L$18,"0") -> 0.12 | ... AZ26: =+IFERROR(AZ21/AZ$18,"0") -> 0
B28: Origination by Platform | C28: [#] | E28: =+SUM(E29:E30) -> 36 | F28: =+SUM(F29:F30) -> 31 | G28: =+SUM(G29:G30) -> 30 | H28: =+SUM(H29:H30) -> 27 | I28: =+SUM(I29:I30) -> 28 | J28: =+SUM(J29:J30) -> 44 | K28: =+SUM(K29:K30) -> 43 | L28: =+SUM(L29:L30) -> 50 | ... AB28: =+SUM(AB29:AB30) -> 105 | AC28: =+SUM(AC29:AC31) -> 97 | AD28: =+SUM(AD29:AD31) -> 99 | AE28: =+SUM(AE29:AE31) -> 136 | AF28: =+SUM(AF29:AF31) -> 161 | AG28: =+SUM(AG29:AG31) -> 157 | AH28: =+SUM(AH29:AH31) -> 195 | AI28: =+SUM(AI29:AI31) -> 199 | AJ28: =+SUM(AJ29:AJ31) -> 166 | ... AZ28: =+SUM(AZ29:AZ31) -> 0
B29: Uber | C29: [#] | D29: LTO Report | E29: =E32 -> 36 | F29: =F32 -> 31 | G29: =G32 -> 30 | H29: =H32 -> 27 | I29: =I32 -> 28 | J29: =J32 -> 44 | K29: =K32 -> 43 | L29: =L32 -> 50 | ... AB29: =AB32 -> 89 | AC29: 74 | AD29: 75 | AE29: 121 | AF29: 124 | AG29: 97 | AH29: 153 | AI29: 147 | AJ29: =117+16 -> 133 | AK29: 134 | AL29: 154 | AM29: 161 | AN29: 166 | AO29: 121 | AP29: 157 | AQ29: 124 | AR29: 165
B30: DiDi | C30: [#] | D30: LTO Report | E30: =E37 -> 0 | F30: =F37 -> 0 | G30: =G37 -> 0 | H30: =H37 -> 0 | I30: =I37 -> 0 | J30: =J37 -> 0 | K30: =K37 -> 0 | L30: =L37 -> 0 | ... AB30: =AB37 -> 16 | AC30: 23 | AD30: 24 | AE30: 15 | AF30: 37 | AG30: 60 | AH30: 42 | AI30: 52 | AJ30: 33 | AK30: 46 | AL30: 52 | AM30: 50 | AN30: 49 | AO30: 54 | AP30: 44 | AQ30: 53 | AR30: 53
B32: Origination in Uber by vehicle type | C32: [#] | E32: =+SUM(E33:E35) -> 36 | F32: =+SUM(F33:F35) -> 31 | G32: =+SUM(G33:G35) -> 30 | H32: =+SUM(H33:H35) -> 27 | I32: =+SUM(I33:I35) -> 28 | J32: =+SUM(J33:J35) -> 44 | K32: =+SUM(K33:K35) -> 43 | L32: =+SUM(L33:L35) -> 50 | ... AZ32: =+SUM(AZ33:AZ35) -> 0
B33: ICE | C33: [#] | D33: LTO Report | E33: 36 | F33: 31 | G33: 24 | H33: 17 | I33: 21 | J33: 37 | K33: 38 | L33: 36 | M33: 38 | N33: 33 | O33: 46 | P33: 30 | Q33: 46 | R33: 44 | S33: 36 | T33: 48 | U33: 61 | V33: 47 | W33: 60 | X33: 57 | Y33: 72 | Z33: 73 | AA33: 37 | AB33: 13 | AC33: 29 | AD33: 43 | AE33: 28 | AF33: 48 | AG33: 38 | AH33: 68 | AI33: 49 | AJ33: 41 | AK33: 44 | AL33: 78 | AM33: 63 | AN33: 78 | AO33: 49 | AP33: 56 | AQ33: 41 | AR33: 58
B34: HEV | C34: [#] | D34: LTO Report | E34: 0 | F34: 0 | G34: 6 | H34: 7 | I34: 3 | J34: 5 | K34: 3 | L34: 8 | M34: 17 | N34: 14 | O34: 8 | P34: 5 | Q34: 2 | R34: 10 | S34: 4 | T34: 5 | U34: 4 | V34: 3 | W34: 8 | X34: 10 | Y34: 3 | Z34: 1 | AA34: 0 | AB34: 0 | AC34: 0 | AD34: 0 | AE34: 0 | AF34: 0 | AG34: 0 | AH34: 0 | AI34: 0 | AJ34: 0 | AK34: 0 | AL34: 0 | AM34: 0 | AN34: 0 | AO34: 0 | AP34: 0 | AQ34: 0 | AR34: 0
B35: EV | C35: [#] | D35: LTO Report | E35: 0 | F35: 0 | G35: 0 | H35: 3 | I35: 4 | J35: 2 | K35: 2 | L35: 6 | M35: 0 | N35: 4 | O35: 4 | P35: 1 | Q35: 15 | R35: 14 | S35: 19 | T35: 19 | U35: 28 | V35: 53 | W35: 49 | X35: 31 | Y35: 18 | Z35: 26 | AA35: 41 | AB35: 76 | AC35: 45 | AD35: 32 | AE35: 93 | AF35: 76 | AG35: 59 | AH35: 85 | AI35: 98 | AJ35: =76+16 -> 92 | AK35: 90 | AL35: 76 | AM35: 98 | AN35: 88 | AO35: 72 | AP35: 101 | AQ35: 83 | AR35: 107
B37: Origination in DiDi by vehicle type | C37: [#] | E37: =+SUM(E38:E40) -> 0 | F37: =+SUM(F38:F40) -> 0 | G37: =+SUM(G38:G40) -> 0 | H37: =+SUM(H38:H40) -> 0 | I37: =+SUM(I38:I40) -> 0 | J37: =+SUM(J38:J40) -> 0 | K37: =+SUM(K38:K40) -> 0 | L37: =+SUM(L38:L40) -> 0 | ... AZ37: =+SUM(AZ38:AZ40) -> 0
B38: ICE | C38: [#] | D38: LTO Report | Q38: 0 | R38: 0 | S38: 0 | T38: 0 | U38: 0 | V38: 0 | W38: 0 | X38: 0 | Y38: 0 | Z38: 0 | AA38: 0 | AB38: 0 | AC38: 0 | AD38: 1 | AE38: 1 | AF38: 2 | AG38: 28 | AH38: 30 | AI38: 21 | AJ38: 16 | AK38: 21 | AL38: 35 | AM38: 35 | AN38: 27 | AO38: 26 | AP38: 18 | AQ38: 18 | AR38: 11
B39: HEV | C39: [#] | D39: LTO Report | Q39: 0 | R39: 0 | S39: 0 | T39: 0 | U39: 0 | V39: 0 | W39: 0 | X39: 0 | Y39: 0 | Z39: 0 | AA39: 0 | AB39: 0 | AC39: 0 | AD39: 0 | AE39: 0 | AF39: 0 | AG39: 0 | AH39: 0 | AI39: 0 | AJ39: 0 | AK39: 0 | AL39: 0 | AM39: 0 | AN39: 0 | AO39: 0 | AP39: 0 | AQ39: 0 | AR39: 0
B40: EV | C40: [#] | D40: LTO Report | Q40: 0 | R40: 0 | S40: 0 | T40: 0 | U40: 0 | V40: 0 | W40: 0 | X40: 0 | Y40: 0 | Z40: 0 | AA40: 0 | AB40: 16 | AC40: 23 | AD40: 23 | AE40: 14 | AF40: 35 | AG40: 32 | AH40: 12 | AI40: 31 | AJ40: 17 | AK40: 25 | AL40: 17 | AM40: 15 | AN40: 22 | AO40: 28 | AP40: 26 | AQ40: 35 | AR40: 42
B42: Origination (Used Vehicles)
B44: Used Vehicle Origination | C44: [#] | Q44: =SUM(Q45:Q47) -> 0 | R44: =SUM(R45:R47) -> 0 | S44: =SUM(S45:S47) -> 0 | T44: =SUM(T45:T47) -> 0 | U44: =SUM(U45:U47) -> 0 | V44: =SUM(V45:V47) -> 0 | W44: =SUM(W45:W47) -> 0 | X44: =SUM(X45:X47) -> 0 | ... AZ44: =SUM(AZ45:AZ47) -> 0
B45: ICE | C45: [#] | D45: LTO Report | Q45: 0 | R45: 0 | S45: 0 | T45: 0 | U45: 0 | V45: 0 | W45: 0 | X45: 0 | Y45: 0 | Z45: 0 | AA45: 10 | AB45: 9 | AC45: 5 | AD45: 10 | AE45: 15 | AF45: 7 | AG45: 1 | AH45: 7 | AI45: 9 | AJ45: 9 | AK45: 2 | AL45: 5 | AM45: 4 | AN45: 3 | AO45: 6 | AP45: 2 | AQ45: 11 | AR45: 4
B46: HEV | C46: [#] | D46: LTO Report | Q46: 0 | R46: 0 | S46: 0 | T46: 0 | U46: 0 | V46: 0 | W46: 0 | X46: 0 | Y46: 0 | Z46: 0 | AA46: 0 | AB46: 2 | AC46: 3 | AD46: 0 | AE46: 1 | AF46: 2 | AG46: 1 | AH46: 1 | AI46: 1 | AJ46: 0 | AK46: 0 | AL46: 0 | AM46: 0 | AN46: 0 | AO46: 0 | AP46: 1 | AQ46: 1 | AR46: 0
B47: EV | C47: [#] | D47: LTO Report | Q47: 0 | R47: 0 | S47: 0 | T47: 0 | U47: 0 | V47: 0 | W47: 0 | X47: 0 | Y47: 0 | Z47: 0 | AA47: 2 | AB47: 0 | AC47: 0 | AD47: 4 | AE47: 3 | AF47: 9 | AG47: 18 | AH47: 15 | AI47: 23 | AJ47: 22 | AK47: 20 | AL47: 21 | AM47: 15 | AN47: 13 | AO47: 22 | AP47: 42 | AQ47: 40 | AR47: 30
B49: Used Vehicle as % of Origination | C49: [#] | Q49: =+Q44/Q14 -> #DIV/0! | R49: =+R44/R14 -> #DIV/0! | S49: =+S44/S14 -> #DIV/0! | T49: =+T44/T14 -> #DIV/0! | U49: =+U44/U14 -> #DIV/0! | V49: =+V44/V14 -> #DIV/0! | W49: =+W44/W14 -> #DIV/0! | X49: =+X44/X14 -> #DIV/0! | ... AB49: =+AB44/AB14 -> #DIV/0! | AC49: =+AC44/AC18 -> 0.082474227 | AD49: =+AD44/AD18 -> 0.14141414 | AE49: =+AE44/AE18 -> 0.13970588 | AF49: =+AF44/AF18 -> 0.11180124 | AG49: =+AG44/AG18 -> 0.12738854 | AH49: =+AH44/AH18 -> 0.11794872 | AI49: =+AI44/AI18 -> 0.16582915 | AJ49: =+AJ44/AJ18 -> 0.18674699 | AK49: =+SUM(AK50:AK52) -> 1 | AL49: =+SUM(AL50:AL52) -> 1 | AM49: =+SUM(AM50:AM52) -> 1 | AN49: =+SUM(AN50:AN52) -> 1 | AO49: =+SUM(AO50:AO52) -> 1 | AP49: =+SUM(AP50:AP52) -> 1 | AQ49: =+SUM(AQ50:AQ52) -> 1 | AR49: =+SUM(AR50:AR52) -> 1 | ... AZ49: =+SUM(AZ50:AZ52) -> 0
B50: ICE | C50: [#] | D50: LTO Report | Q50: =IFERROR(Q45/Q$18,0) -> 0 | R50: =IFERROR(R45/R$18,0) -> 0 | S50: =IFERROR(S45/S$18,0) -> 0 | T50: =IFERROR(T45/T$18,0) -> 0 | U50: =IFERROR(U45/U$18,0) -> 0 | V50: =IFERROR(V45/V$18,0) -> 0 | W50: =IFERROR(W45/W$18,0) -> 0 | X50: =IFERROR(X45/X$18,0) -> 0 | ... AB50: =IFERROR(AB45/AB$18,0) -> 0.085714286 | AC50: =IFERROR(AC45/AC$44,0) -> 0.625 | AD50: =IFERROR(AD45/AD$44,0) -> 0.71428571 | AE50: =IFERROR(AE45/AE$44,0) -> 0.78947368 | AF50: =IFERROR(AF45/AF$44,0) -> 0.38888889 | AG50: =IFERROR(AG45/AG$44,0) -> 0.05 | AH50: =IFERROR(AH45/AH$44,0) -> 0.30434783 | AI50: =IFERROR(AI45/AI$44,0) -> 0.27272727 | AJ50: =IFERROR(AJ45/AJ$44,0) -> 0.29032258 | ... AR50: =IFERROR(AR45/AR$44,0) -> 0.11764706 | AS50: =IFERROR(AS45/AS$18,0) -> 0 | AT50: =IFERROR(AT45/AT$18,0) -> 0 | AU50: =IFERROR(AU45/AU$18,0) -> 0 | AV50: =IFERROR(AV45/AV$18,0) -> 0 | AW50: =IFERROR(AW45/AW$18,0) -> 0 | AX50: =IFERROR(AX45/AX$18,0) -> 0 | AY50: =IFERROR(AY45/AY$18,0) -> 0 | AZ50: =IFERROR(AZ45/AZ$18,0) -> 0
B51: HEV | C51: [#] | D51: LTO Report | Q51: =IFERROR(Q46/Q$18,0) -> 0 | R51: =IFERROR(R46/R$18,0) -> 0 | S51: =IFERROR(S46/S$18,0) -> 0 | T51: =IFERROR(T46/T$18,0) -> 0 | U51: =IFERROR(U46/U$18,0) -> 0 | V51: =IFERROR(V46/V$18,0) -> 0 | W51: =IFERROR(W46/W$18,0) -> 0 | X51: =IFERROR(X46/X$18,0) -> 0 | ... AB51: =IFERROR(AB46/AB$18,0) -> 0.019047619 | AC51: =IFERROR(AC46/AC$44,0) -> 0.375 | AD51: =IFERROR(AD46/AD$44,0) -> 0 | AE51: =IFERROR(AE46/AE$44,0) -> 0.052631579 | AF51: =IFERROR(AF46/AF$44,0) -> 0.11111111 | AG51: =IFERROR(AG46/AG$44,0) -> 0.05 | AH51: =IFERROR(AH46/AH$44,0) -> 0.043478261 | AI51: =IFERROR(AI46/AI$44,0) -> 0.03030303 | AJ51: =IFERROR(AJ46/AJ$44,0) -> 0 | ... AR51: =IFERROR(AR46/AR$44,0) -> 0 | AS51: =IFERROR(AS46/AS$18,0) -> 0 | AT51: =IFERROR(AT46/AT$18,0) -> 0 | AU51: =IFERROR(AU46/AU$18,0) -> 0 | AV51: =IFERROR(AV46/AV$18,0) -> 0 | AW51: =IFERROR(AW46/AW$18,0) -> 0 | AX51: =IFERROR(AX46/AX$18,0) -> 0 | AY51: =IFERROR(AY46/AY$18,0) -> 0 | AZ51: =IFERROR(AZ46/AZ$18,0) -> 0
B52: EV | C52: [#] | D52: LTO Report | Q52: =IFERROR(Q47/Q$18,0) -> 0 | R52: =IFERROR(R47/R$18,0) -> 0 | S52: =IFERROR(S47/S$18,0) -> 0 | T52: =IFERROR(T47/T$18,0) -> 0 | U52: =IFERROR(U47/U$18,0) -> 0 | V52: =IFERROR(V47/V$18,0) -> 0 | W52: =IFERROR(W47/W$18,0) -> 0 | X52: =IFERROR(X47/X$18,0) -> 0 | ... AB52: =IFERROR(AB47/AB$18,0) -> 0 | AC52: =IFERROR(AC47/AC$44,0) -> 0 | AD52: =IFERROR(AD47/AD$44,0) -> 0.28571429 | AE52: =IFERROR(AE47/AE$44,0) -> 0.15789474 | AF52: =IFERROR(AF47/AF$44,0) -> 0.5 | AG52: =IFERROR(AG47/AG$44,0) -> 0.9 | AH52: =IFERROR(AH47/AH$44,0) -> 0.65217391 | AI52: =IFERROR(AI47/AI$44,0) -> 0.6969697 | AJ52: =IFERROR(AJ47/AJ$44,0) -> 0.70967742 | ... AR52: =IFERROR(AR47/AR$44,0) -> 0.88235294 | AS52: =IFERROR(AS47/AS$18,0) -> 0 | AT52: =IFERROR(AT47/AT$18,0) -> 0 | AU52: =IFERROR(AU47/AU$18,0) -> 0 | AV52: =IFERROR(AV47/AV$18,0) -> 0 | AW52: =IFERROR(AW47/AW$18,0) -> 0 | AX52: =IFERROR(AX47/AX$18,0) -> 0 | AY52: =IFERROR(AY47/AY$18,0) -> 0 | AZ52: =IFERROR(AZ47/AZ$18,0) -> 0
B54: Used Vehicle Origination in Uber by vehicle type | C54: [#] | Q54: =+SUM(Q55:Q57) -> 0 | R54: =+SUM(R55:R57) -> 0 | S54: =+SUM(S55:S57) -> 0 | T54: =+SUM(T55:T57) -> 0 | U54: =+SUM(U55:U57) -> 0 | V54: =+SUM(V55:V57) -> 0 | W54: =+SUM(W55:W57) -> 0 | X54: =+SUM(X55:X57) -> 0 | ... AZ54: =+SUM(AZ55:AZ57) -> 0
B55: ICE | C55: [#] | D55: LTO Report | Q55: 0 | R55: 0 | S55: 0 | T55: 0 | U55: 0 | V55: 0 | W55: 0 | X55: 0 | Y55: 0 | Z55: 0 | AA55: 0 | AB55: 9 | AC55: 5 | AD55: 10 | AE55: 14 | AF55: 7 | AG55: 1 | AH55: 4 | AI55: 7 | AJ55: 7 | AK55: 2 | AL55: 3 | AM55: 0 | AN55: 2 | AO55: 1 | AP55: 2 | AQ55: 9 | AR55: 3
B56: HEV | C56: [#] | D56: LTO Report | Q56: 0 | R56: 0 | S56: 0 | T56: 0 | U56: 0 | V56: 0 | W56: 0 | X56: 0 | Y56: 0 | Z56: 0 | AA56: 0 | AB56: 2 | AC56: 3 | AD56: 0 | AE56: 1 | AF56: 2 | AG56: 1 | AH56: 1 | AI56: 1 | AJ56: 0 | AK56: 0 | AL56: 0 | AM56: 0 | AN56: 0 | AO56: 0 | AP56: 1 | AQ56: 1 | AR56: 0
B57: EV | C57: [#] | D57: LTO Report | Q57: 0 | R57: 0 | S57: 0 | T57: 0 | U57: 0 | V57: 0 | W57: 0 | X57: 0 | Y57: 0 | Z57: 0 | AA57: 0 | AB57: 0 | AC57: 0 | AD57: 2 | AE57: 3 | AF57: 6 | AG57: 16 | AH57: 12 | AI57: 15 | AJ57: 20 | AK57: 12 | AL57: 12 | AM57: 12 | AN57: 9 | AO57: 16 | AP57: 36 | AQ57: 26 | AR57: 19
B59: Used Vehicle Origination in DiDi by vehicle type | C59: [#] | Q59: =+SUM(Q60:Q62) -> 0 | R59: =+SUM(R60:R62) -> 0 | S59: =+SUM(S60:S62) -> 0 | T59: =+SUM(T60:T62) -> 0 | U59: =+SUM(U60:U62) -> 0 | V59: =+SUM(V60:V62) -> 0 | W59: =+SUM(W60:W62) -> 0 | X59: =+SUM(X60:X62) -> 0 | ... AZ59: =+SUM(AZ60:AZ62) -> 0
B60: ICE | C60: [#] | D60: LTO Report | Q60: 0 | R60: 0 | S60: 0 | T60: 0 | U60: 0 | V60: 0 | W60: 0 | X60: 0 | Y60: 0 | Z60: 0 | AA60: 0 | AB60: 0 | AC60: 0 | AD60: 0 | AE60: 1 | AF60: 0 | AG60: 0 | AH60: 3 | AI60: 2 | AJ60: 2 | AK60: 0 | AL60: 2 | AM60: 4 | AN60: 1 | AO60: 5 | AP60: 0 | AQ60: 2 | AR60: 1
B61: HEV | C61: [#] | D61: LTO Report | Q61: 0 | R61: 0 | S61: 0 | T61: 0 | U61: 0 | V61: 0 | W61: 0 | X61: 0 | Y61: 0 | Z61: 0 | AA61: 0 | AB61: 0 | AC61: 0 | AD61: 0 | AE61: 0 | AF61: 0 | AG61: 0 | AH61: 0 | AI61: 0 | AJ61: 0 | AK61: 0 | AL61: 0 | AM61: 0 | AN61: 0 | AO61: 0 | AP61: 0 | AQ61: 0 | AR61: 0
B62: EV | C62: [#] | D62: LTO Report | Q62: 0 | R62: 0 | S62: 0 | T62: 0 | U62: 0 | V62: 0 | W62: 0 | X62: 0 | Y62: 0 | Z62: 0 | AA62: 0 | AB62: 0 | AC62: 0 | AD62: 2 | AE62: 0 | AF62: 3 | AG62: 2 | AH62: 3 | AI62: 8 | AJ62: 2 | AK62: 8 | AL62: 9 | AM62: 3 | AN62: 4 | AO62: 6 | AP62: 6 | AQ62: 14 | AR62: 11

Sheet Cohort Detail
A1: Cohort Detail — Repossession Analytics (2024–2026)
A3: ⚡ All values are live formulas pulling from Export, recuperación efectiva and Originaciones sheets
A4: Cohort | B4: Originations | C4: Sent to Recovery | D4: Repossessed | E4: Pending | F4: % Repossessed
A5: 01-2024 | B5: =IFERROR(INDEX(Originaciones!$E$18:$AZ$18,MATCH(DATE(VALUE(RIGHT(A5,4)),VALUE(LEFT(A5,2)),1),Originaciones!$E$6:$AZ$6,0)),"-") -> 63 | C5: =COUNTIF(Export!$E:$E,A5) -> 8 | D5: =COUNTIF('recuperación efectiva'!$E:$E,A5) -> 3 | E5: =C5-D5 -> 5 | F5: =IFERROR(D5/C5,0) -> 0.375
A6: 02-2024 | B6: =IFERROR(INDEX(Originaciones!$E$18:$AZ$18,MATCH(DATE(VALUE(RIGHT(A6,4)),VALUE(LEFT(A6,2)),1),Originaciones!$E$6:$AZ$6,0)),"-") -> 68 | C6: =COUNTIF(Export!$E:$E,A6) -> 18 | D6: =COUNTIF('recuperación efectiva'!$E:$E,A6) -> 11 | E6: =C6-D6 -> 7 | F6: =IFERROR(D6/C6,0) -> 0.61111111
A7: 03-2024 | B7: =IFERROR(INDEX(Originaciones!$E$18:$AZ$18,MATCH(DATE(VALUE(RIGHT(A7,4)),VALUE(LEFT(A7,2)),1),Originaciones!$E$6:$AZ$6,0)),"-") -> 60 | C7: =COUNTIF(Export!$E:$E,A7) -> 16 | D7: =COUNTIF('recuperación efectiva'!$E:$E,A7) -> 15 | E7: =C7-D7 -> 1 | F7: =IFERROR(D7/C7,0) -> 0.9375
A8: 04-2024 | B8: =IFERROR(INDEX(Originaciones!$E$18:$AZ$18,MATCH(DATE(VALUE(RIGHT(A8,4)),VALUE(LEFT(A8,2)),1),Originaciones!$E$6:$AZ$6,0)),"-") -> 73 | C8: =COUNTIF(Export!$E:$E,A8) -> 18 | D8: =COUNTIF('recuperación efectiva'!$E:$E,A8) -> 11 | E8: =C8-D8 -> 7 | F8: =IFERROR(D8/C8,0) -> 0.61111111
A9: 05-2024 | B9: =IFERROR(INDEX(Originaciones!$E$18:$AZ$18,MATCH(DATE(VALUE(RIGHT(A9,4)),VALUE(LEFT(A9,2)),1),Originaciones!$E$6:$AZ$6,0)),"-") -> 94 | C9: =COUNTIF(Export!$E:$E,A9) -> 21 | D9: =COUNTIF('recuperación efectiva'!$E:$E,A9) -> 15 | E9: =C9-D9 -> 6 | F9: =IFERROR(D9/C9,0) -> 0.71428571
A10: 06-2024 | B10: =IFERROR(INDEX(Originaciones!$E$18:$AZ$18,MATCH(DATE(VALUE(RIGHT(A10,4)),VALUE(LEFT(A10,2)),1),Originaciones!$E$6:$AZ$6,0)),"-") -> 103 | C10: =COUNTIF(Export!$E:$E,A10) -> 20 | D10: =COUNTIF('recuperación efectiva'!$E:$E,A10) -> 18 | E10: =C10-D10 -> 2 | F10: =IFERROR(D10/C10,0) -> 0.9
A11: 07-2024 | B11: =IFERROR(INDEX(Originaciones!$E$18:$AZ$18,MATCH(DATE(VALUE(RIGHT(A11,4)),VALUE(LEFT(A11,2)),1),Originaciones!$E$6:$AZ$6,0)),"-") -> 119 | C11: =COUNTIF(Export!$E:$E,A11) -> 39 | D11: =COUNTIF('recuperación efectiva'!$E:$E,A11) -> 28 | E11: =C11-D11 -> 11 | F11: =IFERROR(D11/C11,0) -> 0.71794872
A12: 08-2024 | B12: =IFERROR(INDEX(Originaciones!$E$18:$AZ$18,MATCH(DATE(VALUE(RIGHT(A12,4)),VALUE(LEFT(A12,2)),1),Originaciones!$E$6:$AZ$6,0)),"-") -> 114 | C12: =COUNTIF(Export!$E:$E,A12) -> 41 | D12: =COUNTIF('recuperación efectiva'!$E:$E,A12) -> 34 | E12: =C12-D12 -> 7 | F12: =IFERROR(D12/C12,0) -> 0.82926829
A13: 09-2024 | B13: =IFERROR(INDEX(Originaciones!$E$18:$AZ$18,MATCH(DATE(VALUE(RIGHT(A13,4)),VALUE(LEFT(A13,2)),1),Originaciones!$E$6:$AZ$6,0)),"-") -> 112 | C13: =COUNTIF(Export!$E:$E,A13) -> 28 | D13: =COUNTIF('recuperación efectiva'!$E:$E,A13) -> 27 | E13: =C13-D13 -> 1 | F13: =IFERROR(D13/C13,0) -> 0.96428571
A14: 10-2024 | B14: =IFERROR(INDEX(Originaciones!$E$18:$AZ$18,MATCH(DATE(VALUE(RIGHT(A14,4)),VALUE(LEFT(A14,2)),1),Originaciones!$E$6:$AZ$6,0)),"-") -> 120 | C14: =COUNTIF(Export!$E:$E,A14) -> 43 | D14: =COUNTIF('recuperación efectiva'!$E:$E,A14) -> 36 | E14: =C14-D14 -> 7 | F14: =IFERROR(D14/C14,0) -> 0.8372093
A15: 11-2024 | B15: =IFERROR(INDEX(Originaciones!$E$18:$AZ$18,MATCH(DATE(VALUE(RIGHT(A15,4)),VALUE(LEFT(A15,2)),1),Originaciones!$E$6:$AZ$6,0)),"-") -> 95 | C15: =COUNTIF(Export!$E:$E,A15) -> 42 | D15: =COUNTIF('recuperación efectiva'!$E:$E,A15) -> 34 | E15: =C15-D15 -> 8 | F15: =IFERROR(D15/C15,0) -> 0.80952381
A16: 12-2024 | B16: =IFERROR(INDEX(Originaciones!$E$18:$AZ$18,MATCH(DATE(VALUE(RIGHT(A16,4)),VALUE(LEFT(A16,2)),1),Originaciones!$E$6:$AZ$6,0)),"-") -> 105 | C16: =COUNTIF(Export!$E:$E,A16) -> 60 | D16: =COUNTIF('recuperación efectiva'!$E:$E,A16) -> 55 | E16: =C16-D16 -> 5 | F16: =IFERROR(D16/C16,0) -> 0.91666667
... A31: 03-2026 | B31: =IFERROR(INDEX(Originaciones!$E$18:$AZ$18,MATCH(DATE(VALUE(RIGHT(A31,4)),VALUE(LEFT(A31,2)),1),Originaciones!$E$6:$AZ$6,0)),"-") -> 177 | C31: =COUNTIF(Export!$E:$E,A31) -> 2 | D31: =COUNTIF('recuperación efectiva'!$E:$E,A31) -> 2 | E31: =C31-D31 -> 0 | F31: =IFERROR(D31/C31,0) -> 1
A32: TOTAL | B32: =SUM(B5:B31) -> 3701 | C32: =SUM(C5:C31) -> 1200 | D32: =SUM(D5:D31) -> 918 | E32: =SUM(E5:E31) -> 282 | F32: =IFERROR(D32/C32,0) -> 0.765
A34: Formulas: Originations ← Originaciones!row18 (INDEX/MATCH on date) · Sent ← COUNTIF(Export!E) · Repossessed ← COUNTIF(recuperación efectiva!E) · Pending = Sent−Repossessed

Sheet Heatmap
A1: Repossession Heatmap — Cohort × Elapsed Month (Cumulative %)
A3: ⚡ Formulas: n=COUNTIF(Export!E) · % cum = COUNTIFS(recup.ef.!E=cohort, recup.ef.!K<=M) / n · Pyramidal: cells beyond max possible month are blank
A4: Cohort | B4: n sent | C4: maxM | D4: M+0 | E4: M+1 | F4: M+2 | G4: M+3 | H4: M+4 | I4: M+5 | J4: M+6 | K4: M+7 | L4: M+8 | M4: M+9 | N4: M+10 | O4: M+11 | P4: M+12 | Q4: M+13 | R4: M+14 | S4: M+15 | T4: M+16 | U4: M+17 | V4: M+18 | W4: M+19 | X4: M+20 | Y4: M+21 | Z4: M+22 | AA4: M+23 | AB4: M+24 | AC4: M+25 | AD4: M+26 | AE4: M+27 | AF4: M+28 | AG4: M+29 | AH4: M+30 | AI4: M+31 | AJ4: M+32 | AK4: M+33 | AL4: M+34 | AM4: M+35 | AN4: M+36
A5: 01-2024 | B5: =COUNTIF(Export!$E:$E,A5) -> 8 | C5: =MIN(MAX(0,(2026-VALUE(RIGHT(A5,4)))*12+(5-VALUE(LEFT(A5,2)))),36) -> 28 | D5: =IF((COLUMN()-4)>$C5,"",IFERROR(COUNTIFS('recuperación efectiva'!$E:$E,$A5,'recuperación efectiva'!$K:$K,"<="&(COLUMN()-4))/$B5,0)) -> 0 | E5: =IF((COLUMN()-4)>$C5,"",IFERROR(COUNTIFS('recuperación efectiva'!$E:$E,$A5,'recuperación efectiva'!$K:$K,"<="&(COLUMN()-4))/$B5,0)) -> 0 | F5: =IF((COLUMN()-4)>$C5,"",IFERROR(COUNTIFS('recuperación efectiva'!$E:$E,$A5,'recuperación efectiva'!$K:$K,"<="&(COLUMN()-4))/$B5,0)) -> 0 | G5: =IF((COLUMN()-4)>$C5,"",IFERROR(COUNTIFS('recuperación efectiva'!$E:$E,$A5,'recuperación efectiva'!$K:$K,"<="&(COLUMN()-4))/$B5,0)) -> 0 | H5: =IF((COLUMN()-4)>$C5,"",IFERROR(COUNTIFS('recuperación efectiva'!$E:$E,$A5,'recuperación efectiva'!$K:$K,"<="&(COLUMN()-4))/$B5,0)) -> 0 | I5: =IF((COLUMN()-4)>$C5,"",IFERROR(COUNTIFS('recuperación efectiva'!$E:$E,$A5,'recuperación efectiva'!$K:$K,"<="&(COLUMN()-4))/$B5,0)) -> 0 | J5: =IF((COLUMN()-4)>$C5,"",IFERROR(COUNTIFS('recuperación efectiva'!$E:$E,$A5,'recuperación efectiva'!$K:$K,"<="&(COLUMN()-4))/$B5,0)) -> 0 | K5: =IF((COLUMN()-4)>$C5,"",IFERROR(COUNTIFS('recuperación efectiva'!$E:$E,$A5,'recuperación efectiva'!$K:$K,"<="&(COLUMN()-4))/$B5,0)) -> 0 | ... AN5: =IF((COLUMN()-4)>$C5,"",IFERROR(COUNTIFS('recuperación efectiva'!$E:$E,$A5,'recuperación efectiva'!$K:$K,"<="&(COLUMN()-4))/$B5,0))
A6: 02-2024 | B6: =COUNTIF(Export!$E:$E,A6) -> 18 | C6: =MIN(MAX(0,(2026-VALUE(RIGHT(A6,4)))*12+(5-VALUE(LEFT(A6,2)))),36) -> 27 | D6: =IF((COLUMN()-4)>$C6,"",IFERROR(COUNTIFS('recuperación efectiva'!$E:$E,$A6,'recuperación efectiva'!$K:$K,"<="&(COLUMN()-4))/$B6,0)) -> 0 | E6: =IF((COLUMN()-4)>$C6,"",IFERROR(COUNTIFS('recuperación efectiva'!$E:$E,$A6,'recuperación efectiva'!$K:$K,"<="&(COLUMN()-4))/$B6,0)) -> 0 | F6: =IF((COLUMN()-4)>$C6,"",IFERROR(COUNTIFS('recuperación efectiva'!$E:$E,$A6,'recuperación efectiva'!$K:$K,"<="&(COLUMN()-4))/$B6,0)) -> 0 | G6: =IF((COLUMN()-4)>$C6,"",IFERROR(COUNTIFS('recuperación efectiva'!$E:$E,$A6,'recuperación efectiva'!$K:$K,"<="&(COLUMN()-4))/$B6,0)) -> 0 | H6: =IF((COLUMN()-4)>$C6,"",IFERROR(COUNTIFS('recuperación efectiva'!$E:$E,$A6,'recuperación efectiva'!$K:$K,"<="&(COLUMN()-4))/$B6,0)) -> 0 | I6: =IF((COLUMN()-4)>$C6,"",IFERROR(COUNTIFS('recuperación efectiva'!$E:$E,$A6,'recuperación efectiva'!$K:$K,"<="&(COLUMN()-4))/$B6,0)) -> 0 | J6: =IF((COLUMN()-4)>$C6,"",IFERROR(COUNTIFS('recuperación efectiva'!$E:$E,$A6,'recuperación efectiva'!$K:$K,"<="&(COLUMN()-4))/$B6,0)) -> 0 | K6: =IF((COLUMN()-4)>$C6,"",IFERROR(COUNTIFS('recuperación efectiva'!$E:$E,$A6,'recuperación efectiva'!$K:$K,"<="&(COLUMN()-4))/$B6,0)) -> 0 | ... AN6: =IF((COLUMN()-4)>$C6,"",IFERROR(COUNTIFS('recuperación efectiva'!$E:$E,$A6,'recuperación efectiva'!$K:$K,"<="&(COLUMN()-4))/$B6,0))
A7: 03-2024 | B7: =COUNTIF(Export!$E:$E,A7) -> 16 | C7: =MIN(MAX(0,(2026-VALUE(RIGHT(A7,4)))*12+(5-VALUE(LEFT(A7,2)))),36) -> 26 | D7: =IF((COLUMN()-4)>$C7,"",IFERROR(COUNTIFS('recuperación efectiva'!$E:$E,$A7,'recuperación efectiva'!$K:$K,"<="&(COLUMN()-4))/$B7,0)) -> 0 | E7: =IF((COLUMN()-4)>$C7,"",IFERROR(COUNTIFS('recuperación efectiva'!$E:$E,$A7,'recuperación efectiva'!$K:$K,"<="&(COLUMN()-4))/$B7,0)) -> 0 | F7: =IF((COLUMN()-4)>$C7,"",IFERROR(COUNTIFS('recuperación efectiva'!$E:$E,$A7,'recuperación efectiva'!$K:$K,"<="&(COLUMN()-4))/$B7,0)) -> 0 | G7: =IF((COLUMN()-4)>$C7,"",IFERROR(COUNTIFS('recuperación efectiva'!$E:$E,$A7,'recuperación efectiva'!$K:$K,"<="&(COLUMN()-4))/$B7,0)) -> 0 | H7: =IF((COLUMN()-4)>$C7,"",IFERROR(COUNTIFS('recuperación efectiva'!$E:$E,$A7,'recuperación efectiva'!$K:$K,"<="&(COLUMN()-4))/$B7,0)) -> 0 | I7: =IF((COLUMN()-4)>$C7,"",IFERROR(COUNTIFS('recuperación efectiva'!$E:$E,$A7,'recuperación efectiva'!$K:$K,"<="&(COLUMN()-4))/$B7,0)) -> 0 | J7: =IF((COLUMN()-4)>$C7,"",IFERROR(COUNTIFS('recuperación efectiva'!$E:$E,$A7,'recuperación efectiva'!$K:$K,"<="&(COLUMN()-4))/$B7,0)) -> 0 | K7: =IF((COLUMN()-4)>$C7,"",IFERROR(COUNTIFS('recuperación efectiva'!$E:$E,$A7,'recuperación efectiva'!$K:$K,"<="&(COLUMN()-4))/$B7,0)) -> 0 | ... AN7: =IF((COLUMN()-4)>$C7,"",IFERROR(COUNTIFS('recuperación efectiva'!$E:$E,$A7,'recuperación efectiva'!$K:$K,"<="&(COLUMN()-4))/$B7,0))
A8: 04-2024 | B8: =COUNTIF(Export!$E:$E,A8) -> 18 | C8: =MIN(MAX(0,(2026-VALUE(RIGHT(A8,4)))*12+(5-VALUE(LEFT(A8,2)))),36) -> 25 | D8: =IF((COLUMN()-4)>$C8,"",IFERROR(COUNTIFS('recuperación efectiva'!$E:$E,$A8,'recuperación efectiva'!$K:$K,"<="&(COLUMN()-4))/$B8,0)) -> 0 | E8: =IF((COLUMN()-4)>$C8,"",IFERROR(COUNTIFS('recuperación efectiva'!$E:$E,$A8,'recuperación efectiva'!$K:$K,"<="&(COLUMN()-4))/$B8,0)) -> 0 | F8: =IF((COLUMN()-4)>$C8,"",IFERROR(COUNTIFS('recuperación efectiva'!$E:$E,$A8,'recuperación efectiva'!$K:$K,"<="&(COLUMN()-4))/$B8,0)) -> 0 | G8: =IF((COLUMN()-4)>$C8,"",IFERROR(COUNTIFS('recuperación efectiva'!$E:$E,$A8,'recuperación efectiva'!$K:$K,"<="&(COLUMN()-4))/$B8,0)) -> 0 | H8: =IF((COLUMN()-4)>$C8,"",IFERROR(COUNTIFS('recuperación efectiva'!$E:$E,$A8,'recuperación efectiva'!$K:$K,"<="&(COLUMN()-4))/$B8,0)) -> 0 | I8: =IF((COLUMN()-4)>$C8,"",IFERROR(COUNTIFS('recuperación efectiva'!$E:$E,$A8,'recuperación efectiva'!$K:$K,"<="&(COLUMN()-4))/$B8,0)) -> 0 | J8: =IF((COLUMN()-4)>$C8,"",IFERROR(COUNTIFS('recuperación efectiva'!$E:$E,$A8,'recuperación efectiva'!$K:$K,"<="&(COLUMN()-4))/$B8,0)) -> 0 | K8: =IF((COLUMN()-4)>$C8,"",IFERROR(COUNTIFS('recuperación efectiva'!$E:$E,$A8,'recuperación efectiva'!$K:$K,"<="&(COLUMN()-4))/$B8,0)) -> 0 | ... AN8: =IF((COLUMN()-4)>$C8,"",IFERROR(COUNTIFS('recuperación efectiva'!$E:$E,$A8,'recuperación efectiva'!$K:$K,"<="&(COLUMN()-4))/$B8,0))
A9: 05-2024 | B9: =COUNTIF(Export!$E:$E,A9) -> 21 | C9: =MIN(MAX(0,(2026-VALUE(RIGHT(A9,4)))*12+(5-VALUE(LEFT(A9,2)))),36) -> 24 | D9: =IF((COLUMN()-4)>$C9,"",IFERROR(COUNTIFS('recuperación efectiva'!$E:$E,$A9,'recuperación efectiva'!$K:$K,"<="&(COLUMN()-4))/$B9,0)) -> 0 | E9: =IF((COLUMN()-4)>$C9,"",IFERROR(COUNTIFS('recuperación efectiva'!$E:$E,$A9,'recuperación efectiva'!$K:$K,"<="&(COLUMN()-4))/$B9,0)) -> 0 | F9: =IF((COLUMN()-4)>$C9,"",IFERROR(COUNTIFS('recuperación efectiva'!$E:$E,$A9,'recuperación efectiva'!$K:$K,"<="&(COLUMN()-4))/$B9,0)) -> 0 | G9: =IF((COLUMN()-4)>$C9,"",IFERROR(COUNTIFS('recuperación efectiva'!$E:$E,$A9,'recuperación efectiva'!$K:$K,"<="&(COLUMN()-4))/$B9,0)) -> 0 | H9: =IF((COLUMN()-4)>$C9,"",IFERROR(COUNTIFS('recuperación efectiva'!$E:$E,$A9,'recuperación efectiva'!$K:$K,"<="&(COLUMN()-4))/$B9,0)) -> 0 | I9: =IF((COLUMN()-4)>$C9,"",IFERROR(COUNTIFS('recuperación efectiva'!$E:$E,$A9,'recuperación efectiva'!$K:$K,"<="&(COLUMN()-4))/$B9,0)) -> 0 | J9: =IF((COLUMN()-4)>$C9,"",IFERROR(COUNTIFS('recuperación efectiva'!$E:$E,$A9,'recuperación efectiva'!$K:$K,"<="&(COLUMN()-4))/$B9,0)) -> 0 | K9: =IF((COLUMN()-4)>$C9,"",IFERROR(COUNTIFS('recuperación efectiva'!$E:$E,$A9,'recuperación efectiva'!$K:$K,"<="&(COLUMN()-4))/$B9,0)) -> 0 | ... AN9: =IF((COLUMN()-4)>$C9,"",IFERROR(COUNTIFS('recuperación efectiva'!$E:$E,$A9,'recuperación efectiva'!$K:$K,"<="&(COLUMN()-4))/$B9,0))
A10: 06-2024 | B10: =COUNTIF(Export!$E:$E,A10) -> 20 | C10: =MIN(MAX(0,(2026-VALUE(RIGHT(A10,4)))*12+(5-VALUE(LEFT(A10,2)))),36) -> 23 | D10: =IF((COLUMN()-4)>$C10,"",IFERROR(COUNTIFS('recuperación efectiva'!$E:$E,$A10,'recuperación efectiva'!$K:$K,"<="&(COLUMN()-4))/$B10,0)) -> 0 | E10: =IF((COLUMN()-4)>$C10,"",IFERROR(COUNTIFS('recuperación efectiva'!$E:$E,$A10,'recuperación efectiva'!$K:$K,"<="&(COLUMN()-4))/$B10,0)) -> 0 | F10: =IF((COLUMN()-4)>$C10,"",IFERROR(COUNTIFS('recuperación efectiva'!$E:$E,$A10,'recuperación efectiva'!$K:$K,"<="&(COLUMN()-4))/$B10,0)) -> 0 | G10: =IF((COLUMN()-4)>$C10,"",IFERROR(COUNTIFS('recuperación efectiva'!$E:$E,$A10,'recuperación efectiva'!$K:$K,"<="&(COLUMN()-4))/$B10,0)) -> 0 | H10: =IF((COLUMN()-4)>$C10,"",IFERROR(COUNTIFS('recuperación efectiva'!$E:$E,$A10,'recuperación efectiva'!$K:$K,"<="&(COLUMN()-4))/$B10,0)) -> 0 | I10: =IF((COLUMN()-4)>$C10,"",IFERROR(COUNTIFS('recuperación efectiva'!$E:$E,$A10,'recuperación efectiva'!$K:$K,"<="&(COLUMN()-4))/$B10,0)) -> 0 | J10: =IF((COLUMN()-4)>$C10,"",IFERROR(COUNTIFS('recuperación efectiva'!$E:$E,$A10,'recuperación efectiva'!$K:$K,"<="&(COLUMN()-4))/$B10,0)) -> 0 | K10: =IF((COLUMN()-4)>$C10,"",IFERROR(COUNTIFS('recuperación efectiva'!$E:$E,$A10,'recuperación efectiva'!$K:$K,"<="&(COLUMN()-4))/$B10,0)) -> 0 | ... AN10: =IF((COLUMN()-4)>$C10,"",IFERROR(COUNTIFS('recuperación efectiva'!$E:$E,$A10,'recuperación efectiva'!$K:$K,"<="&(COLUMN()-4))/$B10,0))
A11: 07-2024 | B11: =COUNTIF(Export!$E:$E,A11) -> 39 | C11: =MIN(MAX(0,(2026-VALUE(RIGHT(A11,4)))*12+(5-VALUE(LEFT(A11,2)))),36) -> 22 | D11: =IF((COLUMN()-4)>$C11,"",IFERROR(COUNTIFS('recuperación efectiva'!$E:$E,$A11,'recuperación efectiva'!$K:$K,"<="&(COLUMN()-4))/$B11,0)) -> 0 | E11: =IF((COLUMN()-4)>$C11,"",IFERROR(COUNTIFS('recuperación efectiva'!$E:$E,$A11,'recuperación efectiva'!$K:$K,"<="&(COLUMN()-4))/$B11,0)) -> 0 | F11: =IF((COLUMN()-4)>$C11,"",IFERROR(COUNTIFS('recuperación efectiva'!$E:$E,$A11,'recuperación efectiva'!$K:$K,"<="&(COLUMN()-4))/$B11,0)) -> 0 | G11: =IF((COLUMN()-4)>$C11,"",IFERROR(COUNTIFS('recuperación efectiva'!$E:$E,$A11,'recuperación efectiva'!$K:$K,"<="&(COLUMN()-4))/$B11,0)) -> 0 | H11: =IF((COLUMN()-4)>$C11,"",IFERROR(COUNTIFS('recuperación efectiva'!$E:$E,$A11,'recuperación efectiva'!$K:$K,"<="&(COLUMN()-4))/$B11,0)) -> 0 | I11: =IF((COLUMN()-4)>$C11,"",IFERROR(COUNTIFS('recuperación efectiva'!$E:$E,$A11,'recuperación efectiva'!$K:$K,"<="&(COLUMN()-4))/$B11,0)) -> 0 | J11: =IF((COLUMN()-4)>$C11,"",IFERROR(COUNTIFS('recuperación efectiva'!$E:$E,$A11,'recuperación efectiva'!$K:$K,"<="&(COLUMN()-4))/$B11,0)) -> 0.1025641 | K11: =IF((COLUMN()-4)>$C11,"",IFERROR(COUNTIFS('recuperación efectiva'!$E:$E,$A11,'recuperación efectiva'!$K:$K,"<="&(COLUMN()-4))/$B11,0)) -> 0.1025641 | ... AN11: =IF((COLUMN()-4)>$C11,"",IFERROR(COUNTIFS('recuperación efectiva'!$E:$E,$A11,'recuperación efectiva'!$K:$K,"<="&(COLUMN()-4))/$B11,0))
A12: 08-2024 | B12: =COUNTIF(Export!$E:$E,A12) -> 41 | C12: =MIN(MAX(0,(2026-VALUE(RIGHT(A12,4)))*12+(5-VALUE(LEFT(A12,2)))),36) -> 21 | D12: =IF((COLUMN()-4)>$C12,"",IFERROR(COUNTIFS('recuperación efectiva'!$E:$E,$A12,'recuperación efectiva'!$K:$K,"<="&(COLUMN()-4))/$B12,0)) -> 0 | E12: =IF((COLUMN()-4)>$C12,"",IFERROR(COUNTIFS('recuperación efectiva'!$E:$E,$A12,'recuperación efectiva'!$K:$K,"<="&(COLUMN()-4))/$B12,0)) -> 0 | F12: =IF((COLUMN()-4)>$C12,"",IFERROR(COUNTIFS('recuperación efectiva'!$E:$E,$A12,'recuperación efectiva'!$K:$K,"<="&(COLUMN()-4))/$B12,0)) -> 0 | G12: =IF((COLUMN()-4)>$C12,"",IFERROR(COUNTIFS('recuperación efectiva'!$E:$E,$A12,'recuperación efectiva'!$K:$K,"<="&(COLUMN()-4))/$B12,0)) -> 0 | H12: =IF((COLUMN()-4)>$C12,"",IFERROR(COUNTIFS('recuperación efectiva'!$E:$E,$A12,'recuperación efectiva'!$K:$K,"<="&(COLUMN()-4))/$B12,0)) -> 0 | I12: =IF((COLUMN()-4)>$C12,"",IFERROR(COUNTIFS('recuperación efectiva'!$E:$E,$A12,'recuperación efectiva'!$K:$K,"<="&(COLUMN()-4))/$B12,0)) -> 0.048780488 | J12: =IF((COLUMN()-4)>$C12,"",IFERROR(COUNTIFS('recuperación efectiva'!$E:$E,$A12,'recuperación efectiva'!$K:$K,"<="&(COLUMN()-4))/$B12,0)) -> 0.048780488 | K12: =IF((COLUMN()-4)>$C12,"",IFERROR(COUNTIFS('recuperación efectiva'!$E:$E,$A12,'recuperación efectiva'!$K:$K,"<="&(COLUMN()-4))/$B12,0)) -> 0.14634146 | ... AN12: =IF((COLUMN()-4)>$C12,"",IFERROR(COUNTIFS('recuperación efectiva'!$E:$E,$A12,'recuperación efectiva'!$K:$K,"<="&(COLUMN()-4))/$B12,0))
A13: 09-2024 | B13: =COUNTIF(Export!$E:$E,A13) -> 28 | C13: =MIN(MAX(0,(2026-VALUE(RIGHT(A13,4)))*12+(5-VALUE(LEFT(A13,2)))),36) -> 20 | D13: =IF((COLUMN()-4)>$C13,"",IFERROR(COUNTIFS('recuperación efectiva'!$E:$E,$A13,'recuperación efectiva'!$K:$K,"<="&(COLUMN()-4))/$B13,0)) -> 0 | E13: =IF((COLUMN()-4)>$C13,"",IFERROR(COUNTIFS('recuperación efectiva'!$E:$E,$A13,'recuperación efectiva'!$K:$K,"<="&(COLUMN()-4))/$B13,0)) -> 0 | F13: =IF((COLUMN()-4)>$C13,"",IFERROR(COUNTIFS('recuperación efectiva'!$E:$E,$A13,'recuperación efectiva'!$K:$K,"<="&(COLUMN()-4))/$B13,0)) -> 0 | G13: =IF((COLUMN()-4)>$C13,"",IFERROR(COUNTIFS('recuperación efectiva'!$E:$E,$A13,'recuperación efectiva'!$K:$K,"<="&(COLUMN()-4))/$B13,0)) -> 0 | H13: =IF((COLUMN()-4)>$C13,"",IFERROR(COUNTIFS('recuperación efectiva'!$E:$E,$A13,'recuperación efectiva'!$K:$K,"<="&(COLUMN()-4))/$B13,0)) -> 0 | I13: =IF((COLUMN()-4)>$C13,"",IFERROR(COUNTIFS('recuperación efectiva'!$E:$E,$A13,'recuperación efectiva'!$K:$K,"<="&(COLUMN()-4))/$B13,0)) -> 0.071428571 | J13: =IF((COLUMN()-4)>$C13,"",IFERROR(COUNTIFS('recuperación efectiva'!$E:$E,$A13,'recuperación efectiva'!$K:$K,"<="&(COLUMN()-4))/$B13,0)) -> 0.071428571 | K13: =IF((COLUMN()-4)>$C13,"",IFERROR(COUNTIFS('recuperación efectiva'!$E:$E,$A13,'recuperación efectiva'!$K:$K,"<="&(COLUMN()-4))/$B13,0)) -> 0.10714286 | ... AN13: =IF((COLUMN()-4)>$C13,"",IFERROR(COUNTIFS('recuperación efectiva'!$E:$E,$A13,'recuperación efectiva'!$K:$K,"<="&(COLUMN()-4))/$B13,0))
A14: 10-2024 | B14: =COUNTIF(Export!$E:$E,A14) -> 43 | C14: =MIN(MAX(0,(2026-VALUE(RIGHT(A14,4)))*12+(5-VALUE(LEFT(A14,2)))),36) -> 19 | D14: =IF((COLUMN()-4)>$C14,"",IFERROR(COUNTIFS('recuperación efectiva'!$E:$E,$A14,'recuperación efectiva'!$K:$K,"<="&(COLUMN()-4))/$B14,0)) -> 0 | E14: =IF((COLUMN()-4)>$C14,"",IFERROR(COUNTIFS('recuperación efectiva'!$E:$E,$A14,'recuperación efectiva'!$K:$K,"<="&(COLUMN()-4))/$B14,0)) -> 0 | F14: =IF((COLUMN()-4)>$C14,"",IFERROR(COUNTIFS('recuperación efectiva'!$E:$E,$A14,'recuperación efectiva'!$K:$K,"<="&(COLUMN()-4))/$B14,0)) -> 0 | G14: =IF((COLUMN()-4)>$C14,"",IFERROR(COUNTIFS('recuperación efectiva'!$E:$E,$A14,'recuperación efectiva'!$K:$K,"<="&(COLUMN()-4))/$B14,0)) -> 0.023255814 | H14: =IF((COLUMN()-4)>$C14,"",IFERROR(COUNTIFS('recuperación efectiva'!$E:$E,$A14,'recuperación efectiva'!$K:$K,"<="&(COLUMN()-4))/$B14,0)) -> 0.046511628 | I14: =IF((COLUMN()-4)>$C14,"",IFERROR(COUNTIFS('recuperación efectiva'!$E:$E,$A14,'recuperación efectiva'!$K:$K,"<="&(COLUMN()-4))/$B14,0)) -> 0.093023256 | J14: =IF((COLUMN()-4)>$C14,"",IFERROR(COUNTIFS('recuperación efectiva'!$E:$E,$A14,'recuperación efectiva'!$K:$K,"<="&(COLUMN()-4))/$B14,0)) -> 0.13953488 | K14: =IF((COLUMN()-4)>$C14,"",IFERROR(COUNTIFS('recuperación efectiva'!$E:$E,$A14,'recuperación efectiva'!$K:$K,"<="&(COLUMN()-4))/$B14,0)) -> 0.20930233 | ... AN14: =IF((COLUMN()-4)>$C14,"",IFERROR(COUNTIFS('recuperación efectiva'!$E:$E,$A14,'recuperación efectiva'!$K:$K,"<="&(COLUMN()-4))/$B14,0))
A15: 11-2024 | B15: =COUNTIF(Export!$E:$E,A15) -> 42 | C15: =MIN(MAX(0,(2026-VALUE(RIGHT(A15,4)))*12+(5-VALUE(LEFT(A15,2)))),36) -> 18 | D15: =IF((COLUMN()-4)>$C15,"",IFERROR(COUNTIFS('recuperación efectiva'!$E:$E,$A15,'recuperación efectiva'!$K:$K,"<="&(COLUMN()-4))/$B15,0)) -> 0 | E15: =IF((COLUMN()-4)>$C15,"",IFERROR(COUNTIFS('recuperación efectiva'!$E:$E,$A15,'recuperación efectiva'!$K:$K,"<="&(COLUMN()-4))/$B15,0)) -> 0 | F15: =IF((COLUMN()-4)>$C15,"",IFERROR(COUNTIFS('recuperación efectiva'!$E:$E,$A15,'recuperación efectiva'!$K:$K,"<="&(COLUMN()-4))/$B15,0)) -> 0 | G15: =IF((COLUMN()-4)>$C15,"",IFERROR(COUNTIFS('recuperación efectiva'!$E:$E,$A15,'recuperación efectiva'!$K:$K,"<="&(COLUMN()-4))/$B15,0)) -> 0.023809524 | H15: =IF((COLUMN()-4)>$C15,"",IFERROR(COUNTIFS('recuperación efectiva'!$E:$E,$A15,'recuperación efectiva'!$K:$K,"<="&(COLUMN()-4))/$B15,0)) -> 0.11904762 | I15: =IF((COLUMN()-4)>$C15,"",IFERROR(COUNTIFS('recuperación efectiva'!$E:$E,$A15,'recuperación efectiva'!$K:$K,"<="&(COLUMN()-4))/$B15,0)) -> 0.23809524 | J15: =IF((COLUMN()-4)>$C15,"",IFERROR(COUNTIFS('recuperación efectiva'!$E:$E,$A15,'recuperación efectiva'!$K:$K,"<="&(COLUMN()-4))/$B15,0)) -> 0.30952381 | K15: =IF((COLUMN()-4)>$C15,"",IFERROR(COUNTIFS('recuperación efectiva'!$E:$E,$A15,'recuperación efectiva'!$K:$K,"<="&(COLUMN()-4))/$B15,0)) -> 0.38095238 | ... AN15: =IF((COLUMN()-4)>$C15,"",IFERROR(COUNTIFS('recuperación efectiva'!$E:$E,$A15,'recuperación efectiva'!$K:$K,"<="&(COLUMN()-4))/$B15,0))
A16: 12-2024 | B16: =COUNTIF(Export!$E:$E,A16) -> 60 | C16: =MIN(MAX(0,(2026-VALUE(RIGHT(A16,4)))*12+(5-VALUE(LEFT(A16,2)))),36) -> 17 | D16: =IF((COLUMN()-4)>$C16,"",IFERROR(COUNTIFS('recuperación efectiva'!$E:$E,$A16,'recuperación efectiva'!$K:$K,"<="&(COLUMN()-4))/$B16,0)) -> 0 | E16: =IF((COLUMN()-4)>$C16,"",IFERROR(COUNTIFS('recuperación efectiva'!$E:$E,$A16,'recuperación efectiva'!$K:$K,"<="&(COLUMN()-4))/$B16,0)) -> 0.016666667 | F16: =IF((COLUMN()-4)>$C16,"",IFERROR(COUNTIFS('recuperación efectiva'!$E:$E,$A16,'recuperación efectiva'!$K:$K,"<="&(COLUMN()-4))/$B16,0)) -> 0.033333333 | G16: =IF((COLUMN()-4)>$C16,"",IFERROR(COUNTIFS('recuperación efectiva'!$E:$E,$A16,'recuperación efectiva'!$K:$K,"<="&(COLUMN()-4))/$B16,0)) -> 0.16666667 | H16: =IF((COLUMN()-4)>$C16,"",IFERROR(COUNTIFS('recuperación efectiva'!$E:$E,$A16,'recuperación efectiva'!$K:$K,"<="&(COLUMN()-4))/$B16,0)) -> 0.21666667 | I16: =IF((COLUMN()-4)>$C16,"",IFERROR(COUNTIFS('recuperación efectiva'!$E:$E,$A16,'recuperación efectiva'!$K:$K,"<="&(COLUMN()-4))/$B16,0)) -> 0.31666667 | J16: =IF((COLUMN()-4)>$C16,"",IFERROR(COUNTIFS('recuperación efectiva'!$E:$E,$A16,'recuperación efectiva'!$K:$K,"<="&(COLUMN()-4))/$B16,0)) -> 0.38333333 | K16: =IF((COLUMN()-4)>$C16,"",IFERROR(COUNTIFS('recuperación efectiva'!$E:$E,$A16,'recuperación efectiva'!$K:$K,"<="&(COLUMN()-4))/$B16,0)) -> 0.46666667 | ... AN16: =IF((COLUMN()-4)>$C16,"",IFERROR(COUNTIFS('recuperación efectiva'!$E:$E,$A16,'recuperación efectiva'!$K:$K,"<="&(COLUMN()-4))/$B16,0))
... A31: 03-2026 | B31: =COUNTIF(Export!$E:$E,A31) -> 2 | C31: =MIN(MAX(0,(2026-VALUE(RIGHT(A31,4)))*12+(5-VALUE(LEFT(A31,2)))),36) -> 2 | D31: =IF((COLUMN()-4)>$C31,"",IFERROR(COUNTIFS('recuperación efectiva'!$E:$E,$A31,'recuperación efectiva'!$K:$K,"<="&(COLUMN()-4))/$B31,0)) -> 0 | E31: =IF((COLUMN()-4)>$C31,"",IFERROR(COUNTIFS('recuperación efectiva'!$E:$E,$A31,'recuperación efectiva'!$K:$K,"<="&(COLUMN()-4))/$B31,0)) -> 0.5 | F31: =IF((COLUMN()-4)>$C31,"",IFERROR(COUNTIFS('recuperación efectiva'!$E:$E,$A31,'recuperación efectiva'!$K:$K,"<="&(COLUMN()-4))/$B31,0)) -> 1 | G31: =IF((COLUMN()-4)>$C31,"",IFERROR(COUNTIFS('recuperación efectiva'!$E:$E,$A31,'recuperación efectiva'!$K:$K,"<="&(COLUMN()-4))/$B31,0)) | H31: =IF((COLUMN()-4)>$C31,"",IFERROR(COUNTIFS('recuperación efectiva'!$E:$E,$A31,'recuperación efectiva'!$K:$K,"<="&(COLUMN()-4))/$B31,0)) | I31: =IF((COLUMN()-4)>$C31,"",IFERROR(COUNTIFS('recuperación efectiva'!$E:$E,$A31,'recuperación efectiva'!$K:$K,"<="&(COLUMN()-4))/$B31,0)) | J31: =IF((COLUMN()-4)>$C31,"",IFERROR(COUNTIFS('recuperación efectiva'!$E:$E,$A31,'recuperación efectiva'!$K:$K,"<="&(COLUMN()-4))/$B31,0)) | K31: =IF((COLUMN()-4)>$C31,"",IFERROR(COUNTIFS('recuperación efectiva'!$E:$E,$A31,'recuperación efectiva'!$K:$K,"<="&(COLUMN()-4))/$B31,0)) | ... AN31: =IF((COLUMN()-4)>$C31,"",IFERROR(COUNTIFS('recuperación efectiva'!$E:$E,$A31,'recuperación efectiva'!$K:$K,"<="&(COLUMN()-4))/$B31,0))
A33: Wtd. Avg. | B33: =SUM(B5:B31) -> 1200 | D33: =IFERROR(SUMPRODUCT(($C$5:$C$31>=0)*$B$5:$B$31*COUNTIFS('recuperación efectiva'!$E:$E,$A$5:$A$31,'recuperación efectiva'!$K:$K,"<="&0))/SUMPRODUCT(($C$5:$C$31>=0)*$B$5:$B$31),0) -> 0.081666667 | E33: =IFERROR(SUMPRODUCT(($C$5:$C$31>=1)*$B$5:$B$31*COUNTIFS('recuperación efectiva'!$E:$E,$A$5:$A$31,'recuperación efectiva'!$K:$K,"<="&1))/SUMPRODUCT(($C$5:$C$31>=1)*$B$5:$B$31),0) -> 0.62666667 | F33: =IFERROR(SUMPRODUCT(($C$5:$C$31>=2)*$B$5:$B$31*COUNTIFS('recuperación efectiva'!$E:$E,$A$5:$A$31,'recuperación efectiva'!$K:$K,"<="&2))/SUMPRODUCT(($C$5:$C$31>=2)*$B$5:$B$31),0) -> 2.1491667 | G33: =IFERROR(SUMPRODUCT(($C$5:$C$31>=3)*$B$5:$B$31*COUNTIFS('recuperación efectiva'!$E:$E,$A$5:$A$31,'recuperación efectiva'!$K:$K,"<="&3))/SUMPRODUCT(($C$5:$C$31>=3)*$B$5:$B$31),0) -> 6.0993322 | H33: =IFERROR(SUMPRODUCT(($C$5:$C$31>=4)*$B$5:$B$31*COUNTIFS('recuperación efectiva'!$E:$E,$A$5:$A$31,'recuperación efectiva'!$K:$K,"<="&4))/SUMPRODUCT(($C$5:$C$31>=4)*$B$5:$B$31),0) -> 11.250836 | I33: =IFERROR(SUMPRODUCT(($C$5:$C$31>=5)*$B$5:$B$31*COUNTIFS('recuperación efectiva'!$E:$E,$A$5:$A$31,'recuperación efectiva'!$K:$K,"<="&5))/SUMPRODUCT(($C$5:$C$31>=5)*$B$5:$B$31),0) -> 17.198467 | J33: =IFERROR(SUMPRODUCT(($C$5:$C$31>=6)*$B$5:$B$31*COUNTIFS('recuperación efectiva'!$E:$E,$A$5:$A$31,'recuperación efectiva'!$K:$K,"<="&6))/SUMPRODUCT(($C$5:$C$31>=6)*$B$5:$B$31),0) -> 22.940663 | K33: =IFERROR(SUMPRODUCT(($C$5:$C$31>=7)*$B$5:$B$31*COUNTIFS('recuperación efectiva'!$E:$E,$A$5:$A$31,'recuperación efectiva'!$K:$K,"<="&7))/SUMPRODUCT(($C$5:$C$31>=7)*$B$5:$B$31),0) -> 26.510092 | L33: =IFERROR(SUMPRODUCT(($C$5:$C$31>=8)*$B$5:$B$31*COUNTIFS('recuperación efectiva'!$E:$E,$A$5:$A$31,'recuperación efectiva'!$K:$K,"<="&8))/SUMPRODUCT(($C$5:$C$31>=8)*$B$5:$B$31),0) -> 29.979452 | M33: =IFERROR(SUMPRODUCT(($C$5:$C$31>=9)*$B$5:$B$31*COUNTIFS('recuperación efectiva'!$E:$E,$A$5:$A$31,'recuperación efectiva'!$K:$K,"<="&9))/SUMPRODUCT(($C$5:$C$31>=9)*$B$5:$B$31),0) -> 33.692388 | N33: =IFERROR(SUMPRODUCT(($C$5:$C$31>=10)*$B$5:$B$31*COUNTIFS('recuperación efectiva'!$E:$E,$A$5:$A$31,'recuperación efectiva'!$K:$K,"<="&10))/SUMPRODUCT(($C$5:$C$31>=10)*$B$5:$B$31),0) -> 35.191657 | O33: =IFERROR(SUMPRODUCT(($C$5:$C$31>=11)*$B$5:$B$31*COUNTIFS('recuperación efectiva'!$E:$E,$A$5:$A$31,'recuperación efectiva'!$K:$K,"<="&11))/SUMPRODUCT(($C$5:$C$31>=11)*$B$5:$B$31),0) -> 33.833967 | P33: =IFERROR(SUMPRODUCT(($C$5:$C$31>=12)*$B$5:$B$31*COUNTIFS('recuperación efectiva'!$E:$E,$A$5:$A$31,'recuperación efectiva'!$K:$K,"<="&12))/SUMPRODUCT(($C$5:$C$31>=12)*$B$5:$B$31),0) -> 32.535817 | Q33: =IFERROR(SUMPRODUCT(($C$5:$C$31>=13)*$B$5:$B$31*COUNTIFS('recuperación efectiva'!$E:$E,$A$5:$A$31,'recuperación efectiva'!$K:$K,"<="&13))/SUMPRODUCT(($C$5:$C$31>=13)*$B$5:$B$31),0) -> 31.469551 | R33: =IFERROR(SUMPRODUCT(($C$5:$C$31>=14)*$B$5:$B$31*COUNTIFS('recuperación efectiva'!$E:$E,$A$5:$A$31,'recuperación efectiva'!$K:$K,"<="&14))/SUMPRODUCT(($C$5:$C$31>=14)*$B$5:$B$31),0) -> 29.451673 | S33: =IFERROR(SUMPRODUCT(($C$5:$C$31>=15)*$B$5:$B$31*COUNTIFS('recuperación efectiva'!$E:$E,$A$5:$A$31,'recuperación efectiva'!$K:$K,"<="&15))/SUMPRODUCT(($C$5:$C$31>=15)*$B$5:$B$31),0) -> 28.558824 | T33: =IFERROR(SUMPRODUCT(($C$5:$C$31>=16)*$B$5:$B$31*COUNTIFS('recuperación efectiva'!$E:$E,$A$5:$A$31,'recuperación efectiva'!$K:$K,"<="&16))/SUMPRODUCT(($C$5:$C$31>=16)*$B$5:$B$31),0) -> 27.533981 | U33: =IFERROR(SUMPRODUCT(($C$5:$C$31>=17)*$B$5:$B$31*COUNTIFS('recuperación efectiva'!$E:$E,$A$5:$A$31,'recuperación efectiva'!$K:$K,"<="&17))/SUMPRODUCT(($C$5:$C$31>=17)*$B$5:$B$31),0) -> 25.731638 | V33: =IFERROR(SUMPRODUCT(($C$5:$C$31>=18)*$B$5:$B$31*COUNTIFS('recuperación efectiva'!$E:$E,$A$5:$A$31,'recuperación efectiva'!$K:$K,"<="&18))/SUMPRODUCT(($C$5:$C$31>=18)*$B$5:$B$31),0) -> 21.816327 | W33: =IFERROR(SUMPRODUCT(($C$5:$C$31>=19)*$B$5:$B$31*COUNTIFS('recuperación efectiva'!$E:$E,$A$5:$A$31,'recuperación efectiva'!$K:$K,"<="&19))/SUMPRODUCT(($C$5:$C$31>=19)*$B$5:$B$31),0) -> 20.563492 | X33: =IFERROR(SUMPRODUCT(($C$5:$C$31>=20)*$B$5:$B$31*COUNTIFS('recuperación efectiva'!$E:$E,$A$5:$A$31,'recuperación efectiva'!$K:$K,"<="&20))/SUMPRODUCT(($C$5:$C$31>=20)*$B$5:$B$31),0) -> 18.799043 | Y33: =IFERROR(SUMPRODUCT(($C$5:$C$31>=21)*$B$5:$B$31*COUNTIFS('recuperación efectiva'!$E:$E,$A$5:$A$31,'recuperación efectiva'!$K:$K,"<="&21))/SUMPRODUCT(($C$5:$C$31>=21)*$B$5:$B$31),0) -> 18.635359 | Z33: =IFERROR(SUMPRODUCT(($C$5:$C$31>=22)*$B$5:$B$31*COUNTIFS('recuperación efectiva'!$E:$E,$A$5:$A$31,'recuperación efectiva'!$K:$K,"<="&22))/SUMPRODUCT(($C$5:$C$31>=22)*$B$5:$B$31),0) -> 15.435714 | AA33: =IFERROR(SUMPRODUCT(($C$5:$C$31>=23)*$B$5:$B$31*COUNTIFS('recuperación efectiva'!$E:$E,$A$5:$A$31,'recuperación efectiva'!$K:$K,"<="&23))/SUMPRODUCT(($C$5:$C$31>=23)*$B$5:$B$31),0) -> 11.732673 | AB33: =IFERROR(SUMPRODUCT(($C$5:$C$31>=24)*$B$5:$B$31*COUNTIFS('recuperación efectiva'!$E:$E,$A$5:$A$31,'recuperación efectiva'!$K:$K,"<="&24))/SUMPRODUCT(($C$5:$C$31>=24)*$B$5:$B$31),0) -> 11.024691 | AC33: =IFERROR(SUMPRODUCT(($C$5:$C$31>=25)*$B$5:$B$31*COUNTIFS('recuperación efectiva'!$E:$E,$A$5:$A$31,'recuperación efectiva'!$K:$K,"<="&25))/SUMPRODUCT(($C$5:$C$31>=25)*$B$5:$B$31),0) -> 10.3 | AD33: =IFERROR(SUMPRODUCT(($C$5:$C$31>=26)*$B$5:$B$31*COUNTIFS('recuperación efectiva'!$E:$E,$A$5:$A$31,'recuperación efectiva'!$K:$K,"<="&26))/SUMPRODUCT(($C$5:$C$31>=26)*$B$5:$B$31),0) -> 10.571429 | AE33: =IFERROR(SUMPRODUCT(($C$5:$C$31>=27)*$B$5:$B$31*COUNTIFS('recuperación efectiva'!$E:$E,$A$5:$A$31,'recuperación efectiva'!$K:$K,"<="&27))/SUMPRODUCT(($C$5:$C$31>=27)*$B$5:$B$31),0) -> 8.5384615 | AF33: =IFERROR(SUMPRODUCT(($C$5:$C$31>=28)*$B$5:$B$31*COUNTIFS('recuperación efectiva'!$E:$E,$A$5:$A$31,'recuperación efectiva'!$K:$K,"<="&28))/SUMPRODUCT(($C$5:$C$31>=28)*$B$5:$B$31),0) -> 3 | AG33: =IFERROR(SUMPRODUCT(($C$5:$C$31>=29)*$B$5:$B$31*COUNTIFS('recuperación efectiva'!$E:$E,$A$5:$A$31,'recuperación efectiva'!$K:$K,"<="&29))/SUMPRODUCT(($C$5:$C$31>=29)*$B$5:$B$31),0) -> 0 | AH33: =IFERROR(SUMPRODUCT(($C$5:$C$31>=30)*$B$5:$B$31*COUNTIFS('recuperación efectiva'!$E:$E,$A$5:$A$31,'recuperación efectiva'!$K:$K,"<="&30))/SUMPRODUCT(($C$5:$C$31>=30)*$B$5:$B$31),0) -> 0 | AI33: =IFERROR(SUMPRODUCT(($C$5:$C$31>=31)*$B$5:$B$31*COUNTIFS('recuperación efectiva'!$E:$E,$A$5:$A$31,'recuperación efectiva'!$K:$K,"<="&31))/SUMPRODUCT(($C$5:$C$31>=31)*$B$5:$B$31),0) -> 0 | AJ33: =IFERROR(SUMPRODUCT(($C$5:$C$31>=32)*$B$5:$B$31*COUNTIFS('recuperación efectiva'!$E:$E,$A$5:$A$31,'recuperación efectiva'!$K:$K,"<="&32))/SUMPRODUCT(($C$5:$C$31>=32)*$B$5:$B$31),0) -> 0 | AK33: =IFERROR(SUMPRODUCT(($C$5:$C$31>=33)*$B$5:$B$31*COUNTIFS('recuperación efectiva'!$E:$E,$A$5:$A$31,'recuperación efectiva'!$K:$K,"<="&33))/SUMPRODUCT(($C$5:$C$31>=33)*$B$5:$B$31),0) -> 0 | AL33: =IFERROR(SUMPRODUCT(($C$5:$C$31>=34)*$B$5:$B$31*COUNTIFS('recuperación efectiva'!$E:$E,$A$5:$A$31,'recuperación efectiva'!$K:$K,"<="&34))/SUMPRODUCT(($C$5:$C$31>=34)*$B$5:$B$31),0) -> 0 | AM33: =IFERROR(SUMPRODUCT(($C$5:$C$31>=35)*$B$5:$B$31*COUNTIFS('recuperación efectiva'!$E:$E,$A$5:$A$31,'recuperación efectiva'!$K:$K,"<="&35))/SUMPRODUCT(($C$5:$C$31>=35)*$B$5:$B$31),0) -> 0 | AN33: =IFERROR(SUMPRODUCT(($C$5:$C$31>=36)*$B$5:$B$31*COUNTIFS('recuperación efectiva'!$E:$E,$A$5:$A$31,'recuperación efectiva'!$K:$K,"<="&36))/SUMPRODUCT(($C$5:$C$31>=36)*$B$5:$B$31),0) -> 0
A35: Formulas: n sent = COUNTIF(Export!E) · Cum% = COUNTIFS(recup.ef.!E=cohort, recup.ef.!K<=M) / n · maxM col = pyramidal cutoff (May 2026) · Wtd.Avg = SUMPRODUCT eligible cohorts only
